ID,Name,Sub-parts,Description,Cluster,Sub-cluster,Crossover,Characters,Content URL,Size,Connections,SSD Folder,SSD Root,Final X,Final Y,Final Z
16,Units for Measure,p1 / p2,A tape measure disagreement.,anomalies in pink,,,UNIT; darker UNIT; PILOT; DONOR,https://inpoppyfields.tumblr.com/tagged/units%20for%20measure/chrono,2,,anomalies in pink,units for measure,72.04,12.76,136.4
50,Family Dysfunctions,p1 / p2,Group therapy nobody asked for.,anomalies in pink,,,UNIT; AUTOPILOT; NULL; KILOTON; DONOR; PILOT,,2,"6, 104, 167, 181",anomalies in pink,family dysfunctions,165.22,48.14,194.15
61,Null Error,The Ruined Twin / The Mutated Twin,"UNIT finds its own corrupted mirror-model, a warped husk of what it could have become, and has to sit with how close the two of them actually are.",anomalies in pink,,,UNIT; PILOT,,2,,anomalies in pink,null error,150.05,98.34,241.0
69,Anomalies in Pink,1 / 2 / 3 / 4 / 5 / Dream in the Corridor / Dream in the Cupola / Units For Measure 1 / Units For Measure 2 / Poppies and Lilies / Fearless Flyers in Fuchsia / Pink Promenade,"PILOT and UNIT keep colliding with their own dark-mirror counterparts in an interdimensional pink storm, until the whole thing resolves into two tired commanders drinking coffee and watching their mechs fight it out like unruly kids.",anomalies in pink,,,PILOT; UNIT; DONOR; AUTOPILOT,https://inpoppyfields.tumblr.com/tagged/anomalies%20in%20pink/chrono,12,,anomalies in pink,the storm,73.11,117.1,197.15
143,Personnel in Pink,3 / 2,"UNIT and AUTOPILOT tour a reality-adjacent, pink-tinted world -- a Santa Monica pier, a Trader Joe's full of ghost-pastel snacks -- imagining the mundane lives they'd have gotten to live if the multiverse had left them alone.",anomalies in pink,,,UNIT; AUTOPILOT; DONOR,,2,,anomalies in pink,personnel in pink,81.02,13.05,176.23
202,FINALE,,"A board game, sore losers.",anomalies in pink,,,UNIT; AUTOPILOT,,1,,anomalies in pink,FINALE,80.96,112.0,216.44
276,Two Commanders,Calms in the Storms / Downtime,Parallel-universe commanders PILOT and DONOR run the same operation with opposite temperaments.,anomalies in pink,,,PILOT; UNIT; DONOR; AUTOPILOT,,2,,anomalies in pink,two commanders,74.79,74.31,226.87
409,Lilies and Poppies,,"Two paired vignettes: PILOT finds hope in a red poppy field with UNIT at her side, while DONOR kneels among white lilies with AUTOPILOT, still too frozen to believe in rebirth.",anomalies in pink,,,PILOT; UNIT; DONOR; AUTOPILOT,https://inpoppyfields.tumblr.com/post/761402778216235008/anomalies-in-pink-poppies-and-lilies,1,,anomalies in pink,lilies and poppies,73.85,45.14,159.23
431,OK Moms,,Two alternate-universe PILOTs.,anomalies in pink,,,PILOT,,1,,anomalies in pink,ok moms,325.7,-22.36,184.0
667,Storm in Pink,,"Not the pink of blush and bows, but the pink of exposed flesh learning how to close.",anomalies in pink,,,PILOT; DONOR; UNIT; AUTOPILOT,https://inpoppyfields.tumblr.com/tagged/storm%20in%20pink/chrono,1,,,,0.0,80.92,182.44
283,INTRO to Apple-y Ever After,,"PILOT and DONOR live ordinary tech-industry lives at Apple Park, except reality keeps hairline-fracturing around them: crash logs that spell UNIT, reflections that remember a life they never had.",apple-y ever after,,,PILOT Liang; DONOR,,1,,apple-y ever after,INTRO,333.57,1.27,-24.76
370,File a Radar,,"A surreal catalogue of glitched Apple UI: missed FaceTime calls from AUTOPILOT, strange Messages threads with UNIT, bug reports that come back as 'this is your family now', domestic tech weirdness with a found-family punchline.",apple-y ever after,,,PILOT; DONOR; UNIT; AUTOPILOT,,1,,apple-y ever after,file a radar,333.56,96.78,82.45
661,Over the Radar,,"UNIT and GAMMA attempt high-observable flight, which is just regular flying but louder and worse for paperwork.",apple-y ever after,,,UNIT; UNITS,https://inpoppyfields.tumblr.com/post/760135131164999680/close-communications,1,,,,0.0,-16.01,19.2
24,Perimeter Visitors,p1 / p2 / Transcripts,"A field compendium of whatever wanders Zone 6's fence line at night, including one figure guards swear looks exactly like PILOT. It is not PILOT.",area fifty-done,,,SIROCCO; VODYANOY; THUNDER; ERIEYE; FATA MORGANA; PRISMA; SANTOS; HAYES,https://inpoppyfields.tumblr.com/tagged/perimeter%20visitors/chrono,3,,area fifty-done,border walkers,481.9,211.88,67.75
32,Project Eugenesis,p1 / p2,A basement renovation gone sideways.,area fifty-done,,,PILOT; REYES; PARK; ORTEGA; THUNDER,https://inpoppyfields.tumblr.com/tagged/project%20eugenesis/chrono,2,,area fifty-done,project eugenesis,549.93,115.62,-39.75
100,Building K Basement,p1 / p2 / p3,"Forty feet of solid concrete, one signal that shouldn't exist, and a very polite presence that just didn't want to be alone in it.",area fifty-done,,,PILOT; REYES,https://inpoppyfields.tumblr.com/tagged/bldg%20k%20bsmt/chrono,3,,area fifty-done,building k basement,549.02,203.29,51.2
110,The Quiet One,p1 / p2 / p3 / p4 / p5 / p6,The introvert at the office party.,area fifty-done,,,PILOT; REYES; PRISMA; NULL; ERIEYE; SPARROW; RAJAN; FATA MORGANA; TLAZOLTEOTL; VODYANOY; SIROCCO,https://inpoppyfields.tumblr.com/tagged/the%20quiet%20one/chrono,6,,area fifty-done,the quiet one,533.94,168.06,22.43
123,Ultraviolet Night,p1 / p2,A flickering porch light.,area fifty-done,,,PILOT; REYES; DONOR,,2,,area fifty-done,ultraviolet night,481.92,126.81,-6.62
156,The Giant Robots Are the Least Weirdest Thing Here,,"A tour guide walks visitors past a gently self-aware mech named THUNDER while something considerably less friendly howls from somewhere underground. The mechs are, genuinely, the normal part of this facility.",area fifty-done,,,UNIT; GUIDE; VISITOR; THUNDER,https://inpoppyfields.tumblr.com/post/809395153895899136/the-sentient-mechs-are-the-least-weirdest-thing,1,,area fifty-done,the robots are the least weirdest thing here,549.95,200.71,-52.43
196,Found Footage,p1 / p2 / p3 / p4 / p5,PILOT's found-footage home movies.,area fifty-done,,,PILOT; FATA MORGANA; MORGAN,,5,,area fifty-done,found footage,180.11,156.07,34.45
242,Impossible Architecture,,"A military base's hallways keep quietly failing basic geography, and everyone would rather not ask why the elevator remembers them.",area fifty-done,,,,https://inpoppyfields.tumblr.com/post/809395458615263232/even-the-architecture-is-cursed-here,1,,area fifty-done,cursed architecture,549.02,90.57,-28.73
290,The Quiet Floor,P0 / P1 / P2 / P3 / P4 / The Entity - Intro / The Entity - Silent Season / The Entity - It Rages / The Entity - It Wants Gold / The Entity - It Resides,"A cosmic entity living in the walls of a base begs for light, and the only people fluent enough to understand refuse to say its name.",area fifty-done,,,PILOT; REYES; MARCUS CARVER; J. LIU; ENTITY; THE QUIET FLOOR,https://inpoppyfields.tumblr.com/tagged/the%20quiet%20floor/chrono,10,,area fifty-done,the quiet floor,481.91,142.58,16.01
356,The Changing Room,p1,Pvt. Keating pulls off his shirt in front of a mirror and counts three shadows for two people — the third one standing at attention in a uniform his own reflection isn't wearing. He can see the collar tabs on it. His shirt doesn't have any.,area fifty-done,,,KEATING,,1,,area fifty-done,the changing room,481.93,194.98,-60.31
381,Cardboard vs Wifi,,"A midnight experiment flops because the base's resident signal prefers texting to cardboard, and it has strong opinions about the coffee maker's cleanliness.",area fifty-done,,,PILOT; REYES; MARLA,https://inpoppyfields.tumblr.com/post/809394163693076480/ouija-boards-are-useless-here,1,,area fifty-done,ouija vs wifi,549.65,86.86,-28.2
453,Weird Things Happen Too Often,OK Even We Can't Explain These / So Here's a Tier System / The Four Markers and the Fifth One / Even the Units Are Confused,"A ranking system, because anomalies happen often enough that someone finally made them administratively sortable.",area fifty-done,,,PERSONNEL; UNITS; DONOR probably fooling around,https://inpoppyfields.tumblr.com/tagged/welcome%20to%20area%20fifty%20done/chrono,4,,area fifty-done,weird shit happens too often,416.45,238.96,46.23
478,When Units Dream,,"Six mecha carry human dreams they never lived - tunnels, gridlock, vertigo, drainage maps, staircases, table legs. Nobody files a report on why they act the way they do afterward.",area fifty-done,,,ERIEYE; THUNDER; SPARROW; VODYANOY; PRISMA; RAJAN,https://inpoppyfields.tumblr.com/post/808419699533709312/do-units-dream-sweetly,1,,area fifty-done,when units dream,577.63,174.3,20.04
490,The Unauthorized Pet Rock,P1 / P2 / P3 / P4 / P5 / Epilogue,"A starving, telekinetic bowling ball turns out to be the First Engine — the primordial entity all the other cosmic horrors defer to. Pacheco bowls it. Twice.",area fifty-done,,,PILOT; REYES,https://inpoppyfields.tumblr.com/tagged/the%20unauthorized%20pet%20rock/chrono,2,,area fifty-done,the meatball,533.94,209.43,-42.49
622,Are those kids allowed here?,,"Seriously, are they?",area fifty-done,,,UNITS,https://inpoppyfields.tumblr.com/post/803716188882468864/are-those-kids-allowed-here,1,,,,0.0,242.29,-68.12
245,Make the Stars Scream,p1 - Supergiant / p2 - Supernova / p3 - Neutron Star / p4 - Black Hole,"Four short star-map vignettes tracing DONOR and PILOT from a sentimental supergiant through a dramatic supernova sequel to a quiet, hollowed-out black hole aftermath.",beyond the poppyverse,make the stars scream,,DONOR; PILOT; HYUN; MARGO; SANTOS; VIC; HENRI; ALEXEI; TOVA; VIK,,4,,beyond the poppyverse/make the stars scream,make the stars scream,297.91,49.0,10.49
265,Poppies,Pink / Red and Orange / Red / The Vision,"UNIT explains, with characteristic bluntness, why a meadow full of red and orange poppies means PILOT and DONOR to it -- and, mid-mission-damage blackout, gets a poppy-field fever dream that's the closest thing a mech gets to a hug.",beyond the poppyverse,the meaning of the poppyverse,,PILOT; UNIT; DONOR,https://inpoppyfields.tumblr.com/tagged/poppies/chrono,4,,beyond the poppyverse/the meaning of the poppyverse,poppies,7.94,-0.02,7.73
292,Doings of DONOR,As Clear as Glass / As Plain as Paper and as Clear as Glass / As Plain as Paper,"PILOT goes looking at DONOR's soul expecting fireworks and finds plain, factory-perfect glass instead.",beyond the poppyverse,you got soul,,PILOT; DONOR,,3,,beyond the poppyverse/you got soul,donor,318.76,71.89,-32.65
414,You’ve Got Soul,1 - Together Forever / 2 - Social Soul Dynamics,A meditation on souls that keep finding each other across lifetimes no matter what roles or names get reshuffled.,beyond the poppyverse,you got soul,,PILOT,https://inpoppyfields.tumblr.com/tagged/you%27ve%20got%20soul/chrono,2,,beyond the poppyverse/you got soul,together forever,244.92,23.26,-13.97
456,More Than 21 Pilots,1 - Group Meeting / 2 - Flight to Oblivion / 3 - Why Is the Plane Pink / 4 - The Burden of Remembering,"PILOT processes a lifetime of remembered violent deaths across timelines -- in a grocery store, a first-class layover, a pink private jet, and an ordinary desk job -- and can't shake the shameful feeling that she misses some of them.",beyond the poppyverse,you got soul,,PILOT; UNIT; VARGAS,https://inpoppyfields.tumblr.com/tagged/21%20pilots%20too%20many%20pilots/chrono,4,,beyond the poppyverse/more than 21 pilots,more than 21 pilots,236.07,53.62,35.49
630,Celestial Bodies,INTRO / v1 - The Reunion / v2 - The Homecoming / v3 - The Biggest Bang,"You're doing stellar, ladies.",beyond the poppyverse,,,DONOR the black hole; PILOT the neutron star,https://inpoppyfields.tumblr.com/tagged/celestial%20bodies/chrono,4,,,,0.0,-17.68,9.96
756,A Soul's Guide to Proper Piloting,p1 / p2 / p3 / p4 / p5 / p6 / p7 / p8,An HR training manual for a job description nobody agreed to.,beyond the poppyverse,you got soul,,UNIT; GAMMA; DONOR; AUTOPILOT; MIRA,https://inpoppyfields.tumblr.com/tagged/a%20soul%27s%20guide%20to%20proper%20piloting/chrono,8,"164, 31, 761",beyond the poppyverse/the soul guide to proper piloting,the soul guide to proper piloting,822.64,119.69,-60.59
3,Rest and Rust,The Smelting Pool / Fossilizing / The Laser / Compressing / Diving / Sunbathing / Bits / The Garden / Freefalling / The Vacuum / Hole Punch / Pieces / Corroding / The Pyre / Smelting / Shocking / Bringing Them Home / Bringing Her Home / The Woman in the Dress / Halving / Facial Recognition in the Garden / Limp,"A long-running catalog of small domestic entropy -- ice cubes, static shocks, hole punches, houseplants, and eventually each other -- charting how PILOT and UNIT wear down, rust, and get reassembled in the gaps between missions.",deeper into the poppyverse,rest and rust,,MECH; UNNAMED PILOT; DONOR; PILOT; UNIT; VULCAN; PILOT X,https://inpoppyfields.tumblr.com/tagged/rest%20and%20rust/chrono,22,,deeper into the poppyverse/rest and rust,rest and rust,0.0,41.67,95.84
17,Ghost Stories,"The Fossil / Ghost in My System / Together Forever / Gifts From the Archive / Ghost in My Circuits / Mech Z / Ghost in My Ship / Gifts From The Scrapyard / Ghost in My Shell / Postmortem Piloting / Ghost in My Bones / Gifts From the Grave / Cold or Not, It Still Counts / Post-Piloting","PILOT and UNIT keep finding each other in glitchy signals, secondhand parts, and old hardware long after they should've lost the thread -- a running log of every small haunting a mech-and-pilot bond leaves behind.",deeper into the poppyverse,signal stories,,PILOT; MEDIC R; UNIT; UNIT P; MECH Z; UNIT X; UNIT Y; DONOR; UNITS; AUTOPILOT; PILOT the retired pilot,https://inpoppyfields.tumblr.com/tagged/ghost%20stories/chrono,14,,deeper into the poppyverse/ghost stories,ghost stories,1.67,23.1,94.01
31,Commander Pilot,Levity / Mentoring / The New Troops / The Missing Scout / Coping via Memes / The Orca / All Bad News / One Eye in the Sky / Morbid Humor / Periodical Humor / Soft Side / The Reclamation Chamber / We Are All Just Skin in Steel,"Commander PILOT runs her command room on dry humor and inventory audits, mentoring cadets and weathering group-chat disasters, occasionally letting the weight of everyone she's lost show through the cracks in her composure.",deeper into the poppyverse,commander pilot,,PILOT; Commander E; UNIT B; UNIT C; PILOT (Commander); BASANTI; PACHECO; REYES; CORTEZ; MILO; NIX; PILOT (commander); MIRA; RAVEN; FALCON; LIEUTENANT A; MAJOR A; MAJOR B; CADET B; CADET C; CADET D; OFFICERS; Ensign A; Commander Y; Private E; Sergeant B; Lieutenant D; Major E; Private F; Cadet A; CORPORAL D,https://inpoppyfields.tumblr.com/tagged/commander%20pilot/chrono,13,"164, 756, 761",deeper into the poppyverse/commander PILOT,commander pilot,27.76,20.36,110.46
64,Sadly Subconscious Sartorical Selections,,"A closet cleanout, inherited clothes.",deeper into the poppyverse,sadder holomatter matters,,UNIT; AUTOPILOT; PILOT; DONOR,https://inpoppyfields.tumblr.com/post/796914974595350528/standard-issue-subconscious-selections,2,,deeper into the poppyverse/sisterhood in steel/sadder holomatter matters,sadly subconscious sartorical selections,450.01,79.18,119.16
116,Commander Unit,The Unit and the Body are One / The Puppet / Holomatter Matters / The Renewal Chamber / The Pieces,"Commander UNIT processes command and grief the only way it knows how -- storage audits, salvaged parts, a borrowed human body, and a marionette hobby that gets a little too personal.",deeper into the poppyverse,commander unit,,UNIT; PILOT; UNIT (Commander); PHANTOM; BLADE; TANK; SHADOW; SPARK; GAMMA; DONOR; Commander B; DELTA; ECHO; FOXTROT; JULIET; GOLF; KILO; MIKE; NOVEMBER; OSCAR,https://inpoppyfields.tumblr.com/tagged/commander%20unit/chrono,5,,deeper into the poppyverse/commander UNIT,commander unit,27.93,30.95,95.38
119,Mourning in Metal,p1 / p2 / p3,A carpool arrangement.,deeper into the poppyverse,sadder holomatter matters,,UNIT; AUTOPILOT,https://inpoppyfields.tumblr.com/tagged/mourning%20in%20metal/chrono,3,,deeper into the poppyverse/sisterhood in steel/sadder holomatter matters,mourning in metal,450.01,26.69,102.32
220,The Sisters Reach The Wreckage,,"Late for the carpool, again.",deeper into the poppyverse,sadder holomatter matters,,UNIT; AUTOPILOT; PILOT,,1,,deeper into the poppyverse/sisterhood in steel/sadder holomatter matters,the sisters - reach the wreckage,470.01,21.07,123.77
274,Absorption,,"A recycling program, very thorough.",deeper into the poppyverse,cells and circuits,,PILOT; UNIT,,1,,deeper into the poppyverse/cells and circuits,absorption,69.04,3.52,114.21
351,The Pilot Perishes and So Does the Soul,,A phone that won't turn back on.,deeper into the poppyverse,sadder holomatter matters,,PILOT; UNIT; AUTOPILOT,,1,,deeper into the poppyverse/sisterhood in steel/sadder holomatter matters,the pilot perishes and so does the soul,470.01,98.06,112.43
391,The Pilot Perishes Inside and So Does the Soul,,A car that won't start.,deeper into the poppyverse,sadder holomatter matters,,PILOT; UNIT,,1,,deeper into the poppyverse/sisterhood in steel/sadder holomatter matters,the pilot perishes inside and so does the soul,450.01,59.8,40.07
499,Consumption,,A very committed home renovation.,deeper into the poppyverse,cells and circuits,,PILOT; UNIT; PILOT X,,1,,deeper into the poppyverse/cells and circuits,consumption,68.17,47.27,164.26
594,Sisterhood in Steel and Skin,One And The Same / Yes She Feels / Do Not Disturb / Magic Anime Girls / The Model Student / Neutral Neutral / Strong Enough to Be Gentle / Signature / Wavelengths / The Frosty Sister / The Fiery Sister,"UNIT and AUTOPILOT hold each other up through office paperwork, shared frequencies, hoarded keepsakes, and the very different ways each of them wears armor -- one cold and precise, one hot-blooded and overprotective -- while their human avatars keep getting mistaken for the mechs they pilot.",deeper into the poppyverse,sisterhood in steel,,UNIT (avatar); RIAZ; AUTOPILOT; UNIT; DEREK; MORALES,https://inpoppyfields.tumblr.com/tagged/sisterhood%20in%20steel%20and%20skin/chrono,11,,deeper into the poppyverse/sisterhood in steel,sisterhood in steel,394.59,38.69,112.06
607,The Unrecoverables,01 / 02 / 03 / 04 / 05 / 06 / 07 / 08 / MILO [p1] / MILO [p2] / MILO [v2],"Some people, files, and futures cannot be recovered; the archive keeps them anyway.",deeper into the poppyverse,,,PILOT; DONOR; PERSONNEL,https://inpoppyfields.tumblr.com/tagged/the%20unrecoverables/chrono,11,,deeper into the poppyverse,The Unrecoverables,758.08,24.42,77.48
608,The Glass Commander,PROLOGUE / INTERLUDE 1 / INTERLUDE 2 / p1 / p2 / p3 / p4 / p5 / p6 / p7,"A woman once removed by an impossible military experiment returns as the fleet's coldest commander, forcing PILOT and UNIT to confront the living echo of the person who should have been their beginning.",deeper into the poppyverse,,,"PILOT -- emotionally-driven captain, UNIT's favorite bad decision; DONOR -- lost artist turned enemy commander, catastrophic emotional timing; UNIT -- sentient mech, not emotionally prepared for any of this; PERSONNEL; a surprise special guest -- small, pulsing, not anyone's property",https://inpoppyfields.tumblr.com/tagged/the%20glass%20commander/chrono,10,,deeper into the poppyverse,The Glass Commander,758.08,-2.34,139.48
616,Mergence,P1 - The Last Resort / P2 - Beneath the Armor / P3 - The Evolution / P4 - Shroud / P5 - Shroud to Stardust / P6 - Its True Name / P7 - Their True Colors / P8 - Authorized System Search / P9 - Bloom,"PILOT and UNIT become one entity, permanently -- this is not a metaphor -- and spend the rest of the arc arguing about paint colors, growing new armor, and finding out that old feelings, once fused into the code, don't come back out clean.",deeper into the poppyverse,mergence,,PILOT; UNIT,https://inpoppyfields.tumblr.com/tagged/mergence/chrono,9,,,,0.0,69.68,91.87
670,Commander UNIT,P1 - Transition / P2 - Final Check-In / P3 - The Reunion / P4 - Commanding Things / P5 - Downtime / P6 - Holomatter 1 / P7 - Holomatter 2 / P8 - Holomatters 1 / P9 - Holomatters 2 / P10 - Picking Up the Pieces / P11 - The Rest of Giants,UNIT in command is still gentle; this somehow makes it more complicated.,deeper into the poppyverse,,,Commander UNIT,https://inpoppyfields.tumblr.com/tagged/commander%20unit/chrono,11,,,,0.0,5.4,172.99
671,Commander PILOT,P1 - Transition / P2 - Final Check-In / P3 - Commanding Things / P4 - Downtime / P5 - Levity / P6 - Mentor / P7 - New Cadets,PILOT in command proves authority can be exhausted and still correct.,deeper into the poppyverse,,,Commander PILOT,https://inpoppyfields.tumblr.com/tagged/commander%20pilot/chrono,7,,,,0.0,9.14,66.12
642,Modern Family,P1 / P2 / P3 / P4,"A cheerful family sitcom setup, except the family tree has been folded into an paradoxical origami crane and nobody should ask follow-up questions.",desert roseverse,,,LIANG; PILOT; LIANG; Older PILOT,https://inpoppyfields.tumblr.com/tagged/modern%20family/chrono,4,,,,0.0,21.89,156.98
11,Designated Driver for the World's Worst House Party,p1 / p2,"PILOT waits in the cockpit while the ground team's chaos crackles over comms, coping via ration bars, tally-mark bingo, and increasingly unhinged small talk with her aircraft.",desert roseverse,designated driver for the worst house party ever,,PILOT; UNIT (the aircraft); KOVAL; ZHANG; LOPEZ,,2,,desert roseverse/designated driver for the worst house party ever,designated driver for the world's worst house party,472.62,261.96,50.66
35,Scribing for the World's Worst House Party,p1 / p2 / p3,Meeting minutes for a chaotic potluck.,desert roseverse,designated driver for the worst house party ever,,PILOT (Liang); HARRIS; MARTINEZ; NGUYEN; JENSEN; RAMIREZ; BLAKE; DIAZ; YOON,,3,,desert roseverse/designated driver for the worst house party ever,scribing for the world's worst house party,459.97,249.83,11.88
80,The Boy And The Girl,p1 / p2,"A blurry desert radio signal turns out to be LIANG, a male mirror of PILOT down to the smirk. She was expecting Darth Vader; she gets a dusty flirt instead.",desert roseverse,modern family,,PILOT; LIANG,,2,,desert roseverse/dude PILOT/modern family,the boy and the girl,445.96,152.92,-4.66
93,Your Most Favorite Character,p1 / p2,Some old paperwork resurfaces.,desert roseverse,,,PILOT; DONOR,,2,,houston houston,your most favorite character,333.55,270.27,-29.55
106,You Don't See Many Like Him,v1 / v2,"The only Chinese American guy running point on this base, and everyone underestimates him exactly once.",desert roseverse,the only asian dude on the entire continent,,PROTAGONIST,,2,,desert roseverse/dude PILOT/the only asian dude on the entire continent,you don't see many like him,394.57,218.17,-17.91
113,Hey Waifu San,p1 / p2 / p3,"A loving character study of LIANG — rice cooker on the bottom shelf, chili crisp in his MRE, and competence so quiet it's basically a superpower.",desert roseverse,the only asian dude on the entire continent,,LIANG; PILOT,,3,,desert roseverse/dude PILOT/the only asian dude on the entire continent,hey waifu san,443.87,189.98,68.47
125,The Hero Falls,v1 / v2 / v3 / v4,"A crush, poorly timed.",desert roseverse,screen crush archive,,PILOT; LIANG; PACHECO; GRIGGS,,4,,desert roseverse/dude PILOT/your movie crush is dead,the hero falls,386.42,174.47,-69.49
134,Hey Tourist,p1 / p2,"LIANG is the only Chinese-American guy for five hundred miles, and somehow he's the one the kids wait at the wall to see.",desert roseverse,the only asian dude on the entire continent,,LIANG,,2,,desert roseverse/dude PILOT/the only asian dude on the entire continent,hey tourist,443.87,228.43,30.43
144,The Boy and the Man and the Girl,Mess Hall / Vignets / Sky and Dirt / The Voice in the Sky / Mirage Patrol,"Three timeline-displaced versions of the same soul -- young Liang, older Liang, and PILOT -- roast each other over cornbread and push-up form, until an older man's nostalgia and a desert patrol's impossible figure turn the family reunion quietly grim.",desert roseverse,modern family,,PILOT; LIANG; LIANG; KNIFE GUY; LIANG,https://inpoppyfields.tumblr.com/tagged/mirage%20patrol/chrono,5,,desert roseverse/dude PILOT/modern family,the boy and the man and the girl,445.82,174.04,-9.26
152,INTRO to Desert Roseverse,Half a Chromosome Away / Compares and Contrasts,"PILOT and her male alternate self Liang share a face, a scar, and a chin -- she recognizes her own temper in his jaw and knows exactly what she'd miss if he were gone.",desert roseverse,dude pilot,,PILOT; LIANG,,2,,desert roseverse/dude PILOT,intro,386.42,262.98,39.1
195,Ant Sized Angels - Liang,V1 / V2,LIANG follows a haloed figure.,desert roseverse,dude pilot,,LIANG; PILOT,https://inpoppyfields.tumblr.com/tagged/ant%20sized%20angels%20-%20earth%20and%20sky/chrono,2,,desert roseverse/dude PILOT,ant sized angels - liang,450.01,289.7,-33.57
244,The Boy and the Man and the Girl and the Woman,Mom And Dad / Not a Simple Swap / Grounded,"A soldier and a diplomat -- twins raised into different lives -- and their gender-swapped mirror versions prove neither pair is just a palette swap of the other, especially once a terrifyingly composed, Bay Area tiger-mom version of PILOT walks by and everyone assumes she's grounded them.",desert roseverse,modern family,,LIANG; Older PILOT; LIANG; PILOT,,3,,desert roseverse/dude PILOT/modern family,the boy and the man and the girl and the woman,445.94,142.09,-43.91
314,Just Curious,"Overheating, Mutually / Anatomy, Compared","PILOT and LIANG, eerily alike, melt in a gym with no AC and trade blunt, comedic interrogations of each other's anatomy -- menstruation versus testicles -- and conclude they're both equally scammed by biology.",desert roseverse,dude pilot,,PILOT; LIANG,,2,,desert roseverse/dude PILOT,just curious,388.07,299.35,41.96
354,I Just Saw Beyonce,At the Chow Hall / At the Airport,"The armored, heavily equipped figure from last night's breach turns out to be an ordinary, sleep-deprived twenty-something griping about powdered eggs.",desert roseverse,designated driver for the worst house party ever,,PILOT; ZHANG,,2,,desert roseverse/designated driver for the worst house party ever,i just saw beyonce,472.62,156.09,-17.54
415,The Man and the Woman,,Older LIANG rounds a corner mid-op and nearly pulls a rifle on his own gender-flipped alternate self. Neither of them fully recovers.,desert roseverse,modern family,,LIANG; PILOT,,1,,desert roseverse/dude PILOT/modern family,the man and the woman,445.98,134.85,-36.29
425,The Boy and the Man,,"Young LIANG meets his own special-forces future and learns the cool, scarred version of himself flinches at fireworks too.",desert roseverse,modern family,,LIANG,,1,,desert roseverse/dude PILOT/modern family,the boy and the man,444.59,197.52,31.0
508,The Boy and the Man - Meeting Inside a Meeting,,A bored young soldier dreams himself into his future self's 'elite' briefing and discovers special operations is mostly interagency approvals and waiting on the governor's signature.,desert roseverse,modern family,,LIANG,,1,,desert roseverse/dude PILOT/modern family,the boy and the man - meeting inside a meeting,444.63,206.3,15.22
555,The Heroine Falls,,"A movie theater, bad seat.",desert roseverse,screen crush archive,,LIANG,,1,,desert roseverse/dude PILOT/your movie crush is dead,the heroine falls,386.42,147.89,30.02
569,The Encounter - Equinox Lobby,,"Two versions of the same scene: PILOT meets her gender-swapped quantum counterpart LIANG in a dream-dimension gym lobby, and it's either instant flirtation or instant mutual contempt depending on the timeline.",desert roseverse,dude pilot,,PILOT; LIANG,,1,,desert roseverse/dude PILOT,the encounter - equinox lobby,443.87,158.98,-28.02
644,"Meet LIANG, the Wingman",,He’s your wingman!,desert roseverse,dude pilot,,LIANG; PILOT,https://inpoppyfields.tumblr.com/post/796821134593163264/ant-sized-angels-intro-the-wingman,1,,,,0.0,191.48,43.58
201,M’am Is This Your Offspring,,PILOT's mother gets a strange package.,fireweedverse,the pilot light,Fire Force,PILOT; PILOT's Mother; DONOR,,1,,fireweed/the pilot light,extra - mam is this your offspring,738.9,118.93,-453.39
224,The Iridescent Line,P1 / P2 / P3 / P4 / P5,"A firefighter has a very bad day on the job, wakes up shoeless and unbothered by public transit, and comes home in borrowed slippers to a firehouse that already started missing her.",fireweedverse,the iridescent line,Fire Force,Sae Kurogane; DONOR; Akitaru Obi (canon); Takehisa Hinawa (canon); Iris (canon); Arthur Boyle (canon); Maki Oze (canon); Shinra Kusakabe (canon),https://inpoppyfields.tumblr.com/tagged/the%20iridescent%20line/chrono,5,,fireweed/the iridescent line,the iridescent line,738.66,175.73,-496.11
320,Strong Is Not The Same As Safe,,"A gym routine, building back up.",fireweedverse,extras,Fire Force,Sae Kurogane; Maki Oze (canon); Shinra Kusakabe (canon),,1,,fireweed/extras,strong is not the same as safe,731.6,116.02,-535.2
405,What Maki Found,,"Sae's axe gives out just after she's held the line, and it falls to Maki to go looking for her once the dust settles.",fireweedverse,,Fire Force,Sae; Maki Oze (canon); Akitaru Obi (canon),,1,,fireweed,dismemberment,768.52,77.02,-465.78
457,The Little Engine That Burned,P0 / P1 / P2 / P3 / P4 / Missing / Found,"It could, and it overheated.",fireweedverse,lost and found,Fire Force,PILOT; UNIT,https://inpoppyfields.tumblr.com/tagged/the%20little%20engine%20that%20burned/chrono,1,,fireweed/lost and found,p1,733.98,53.71,-415.09
512,Found,,"UNIT comes back changed -- in avatars, in a mech that kneels -- carrying a name, a fire, and a debt it can't pay back.",fireweedverse,lost and found,Fire Force,PILOT; UNIT; Sae,,1,,fireweed/lost and found,p2,733.99,175.31,-531.85
557,The Black Ram,p1 / p2 / p3 / p4,"A captain's last stand ends in fire, something of her refuses to lie down, and a medic tries to look after what's left of her before the mask finally falls away to reveal warm, quiet light where a face should be.",fireweedverse,the black ram,Fire Force,Sae Kurogane; Maki Oze (canon); Shinra Kusakabe (canon); Iris (canon),https://inpoppyfields.tumblr.com/tagged/the%20black%20ram/chrono,4,,fireweed/the black ram,p2,731.62,204.47,-428.06
575,The Pilot Light,p1 / p2 / p3,"Company 8 says goodbye to what's left of their captain, and something small, red-gold, and deeply sarcastic crawls out of the wreckage.",fireweedverse,the pilot light,Fire Force,Maki Oze (canon); Sae Kurogane; Takehisa Hinawa (canon); Shinra Kusakabe (canon); Arthur Boyle (canon); Akitaru Obi (canon); Iris (canon); PILOT,https://inpoppyfields.tumblr.com/tagged/the%20pilot%20light/chrono,3,,fireweed/the pilot light,p1,737.43,85.13,-405.29
593,Extra - Public Information,,"A resurrected fire captain reads her own memorial, deadpans her way through condolence notes and tabloid headlines, and steals a stranger's socks. Deniability has never been so brittle.",fireweedverse,the iridescent line,Fire Force,Sae Kurogane,,1,,fireweed/the iridescent line,extra - public information,738.99,172.91,-532.64
690,INTRO to Fireweedverse,,Fireweed is a plant that grows in burned places.,fireweedverse,,Fire Force,,https://inpoppyfields.tumblr.com/post/820915399692517376/the-fireweedverse-an-intro,1,"749, 761",,,0.0,82.23,-387.94
701,"I Found You, Captain",,… and I’m glad I did!,fireweedverse,,Fire Force,Sae; Maki Oze (canon),,1,,,,0.0,95.26,-551.84
702,[MANGA] Rainy Day Rehearsal,,A demanding all-weather drill explores the moment Captain Sae's familiar outline takes on a formidable new shape.,fireweedverse,the black ram,Fire Force,Sae Kurogane; Maki Oze (canon); Shinra Kusakabe (canon); Iris (canon),,8,557,fireweedverse/_manga,Rainy Day Rehearsal,731.14,159.9,-403.36
703,[MANGA] Neighborhood Cleanup,,"Company 8 tackles an unusually stubborn neighborhood cleanup, with teamwork, heavy equipment and several increasingly ambitious approaches.",fireweedverse,the black ram,Fire Force,Sae Kurogane; Maki Oze (canon); Shinra Kusakabe (canon); Iris (canon); Takehisa Hinawa (canon); Akitaru Obi (canon); Arthur Boyle (canon),,9,557,fireweedverse/_manga,Neighborhood Cleanup,731.87,53.74,-348.08
704,[MANGA] Quiet Team Check-In,,"A long, difficult team check-in asks how much of a captain can remain recognizable when her circumstances change beyond recognition.",fireweedverse,the black ram,Fire Force,Sae Kurogane; Maki Oze (canon); Shinra Kusakabe (canon); Iris (canon); Takehisa Hinawa (canon); Akitaru Obi (canon); Arthur Boyle (canon),,13,557,fireweedverse/_manga,Quiet Team Check-In,731.08,123.47,-416.55
705,[MANGA] A Familiar Face,,"Two companion studies consider recognition, continuity and whether familiar habits can still point toward the person the team remembers.",fireweedverse,the black ram,Fire Force,Sae Kurogane; Maki Oze (canon); Company 8,,2,557,fireweedverse/_manga,A Familiar Face,765.67,222.74,-438.82
706,[MANGA] Careful Inventory,,"Company 8 conducts a quiet, methodical inventory of their captain's gear and the unusual traces left after her final assignment.",fireweedverse,the black ram,Fire Force,Sae Kurogane; Maki Oze (canon); Company 8,,3,557,fireweedverse/_manga,Careful Inventory,744.04,115.57,-399.22
707,[MANGA] Sunday Gathering,,"The firehouse gathers in formal clothes, arranges keepsakes and shares a restrained Sunday remembrance for its captain.",fireweedverse,the black ram,Fire Force,Sae Kurogane; Maki Oze (canon); Shinra Kusakabe (canon); Iris (canon); Takehisa Hinawa (canon); Akitaru Obi (canon); Arthur Boyle (canon),,3,557,fireweedverse/_manga,Sunday Gathering,741.03,199.84,-507.88
708,[MANGA] Community Bulletin,,"A community bulletin collects the public notices, team reactions and small practical details that follow an unexpectedly famous incident.",fireweedverse,the iridescent line,Fire Force,Sae Kurogane; Company 8,,1,"593, 224",fireweedverse/_manga,Community Bulletin,771.85,61.88,-405.16
709,[MANGA] Little Spark,,"Company 8 discovers a tiny, warm and opinionated spark beneath some misplaced equipment, then meets its surprisingly grown-up counterpart.",fireweedverse,the pilot light,Fire Force,PILOT; Maki Oze (canon); Shinra Kusakabe (canon); Iris (canon); Takehisa Hinawa (canon); Akitaru Obi (canon); Arthur Boyle (canon),,2,"575, 271",fireweedverse/_manga,Little Spark,733.93,108.83,-390.98
710,[MANGA] Pastries and Paperwork,,"Over pastries, Sae and Pilot compare notes about an unauthorized three-day equipment loan and the resulting mountain of paperwork.",fireweedverse,the pilot light,Fire Force,Sae Kurogane; PILOT,,2,"575, 271",fireweedverse/_manga,Pastries and Paperwork,744.9,154.59,-471.27
711,[MANGA] Platform Advice,,"At a rain-bright station, thirty-six-year-old Sae receives frank, funny advice about aging from the person best qualified to give it.",fireweedverse,extras,Fire Force,Sae Kurogane,,2,320,fireweedverse/_manga,Platform Advice,771.87,192.9,-525.73
712,[MANGA] Last Train Home,,"A late-night station interlude follows a solitary traveler through vending-machine light, an arriving train and the long ride home.",fireweedverse,extras,Fire Force,Sae Kurogane,,3,711,fireweedverse/_manga,Last Train Home,731.96,155.8,-412.13
713,[MANGA] Breakfast Before Dawn,,"Company 8 shares one last, impossibly ordinary breakfast with its captain before morning arrives and everyone wakes at once.",fireweedverse,the black ram,Fire Force,Sae Kurogane; Maki Oze (canon); Shinra Kusakabe (canon); Iris (canon); Takehisa Hinawa (canon); Akitaru Obi (canon); Arthur Boyle (canon),,1,"557, 707",fireweedverse/_manga,Breakfast Before Dawn,765.93,139.11,-312.37
714,[MANGA] Cafe Catch-Up,,"A bright pink cafe hosts an energetic catch-up, several strong opinions and the sort of conversation that makes time disappear.",fireweedverse,extras,Fire Force,Sae Kurogane; Company 8,,1,,fireweedverse/_manga,Cafe Catch-Up,739.89,56.74,-432.57
715,[MANGA] Workshop Orientation,,"A practical workshop orientation becomes an unexpectedly lively lesson in unusual equipment, stranger coworkers and keeping calm around both.",fireweedverse,the pilot light,Fire Force,PILOT; Company 8,,1,"575, 709",fireweedverse/_manga,Workshop Orientation,739.89,177.15,-288.98
716,[MANGA] A Quiet Debrief,,"A subdued conversation after the shift gives the team room to compare recollections, uncertainties and what comes next.",fireweedverse,the black ram,Fire Force,Sae Kurogane; Maki Oze (canon); Company 8,,1,557,fireweedverse/_manga,A Quiet Debrief,748.39,202.29,-458.86
731,"[META] Borrowed Fire, on Purpose",,"A trespassing notice, filed voluntarily.",fireweedverse,director's commentary,Fire Force,Sae Kurogane,,1,,fireweedverse,_author note,732.6,155.08,-296.48
746,"O Captain, My Captain",p1 / p2 / p3 / p4 / p5 / p6 / p7 / p8 / p9 / p10,"A performance review, conducted eight separate times, on-site, without HR present.",fireweedverse,,Fire Force,Sae Kurogane; Maki Oze (canon); Takehisa Hinawa (canon); Akitaru Obi (canon),,10,,fireweedverse,o captain my captain,785.46,78.95,-432.98
683,Family Portrait,,A family photo taken from light-years away.,houston houston,,,DONOR the anomalous extreterrestrial interdimensional entity; Director PILOT; UNIT is a cat,https://inpoppyfields.tumblr.com/post/810503484922281984/family-portrait,1,,,,0.0,25.37,135.03
108,A Numbers Game,p1 / p2,PILOT's late-night radio hobby starts as a NASA blooper reel and ends with her own voice calling her by a name nobody alive should know.,houston houston,,,PILOT; UNIT,,2,,houston houston,a numbers game,372.02,-148.88,-24.45
207,Top 10 Unexplained: The Visitors Center,,"A running listicle of cosmic anomalies keeps circling the same conclusion -- the universe is watching, and it might be DONOR -- narrated with PILOT's exhausted sarcasm until one kid's message finally lands.",houston houston,,,DONOR; PILOT; KILOTON; AUTOPILOT; NULL; LIANG,https://inpoppyfields.tumblr.com/post/796916444984213504/top-10-unexplained-the-visitors-center,1,,houston houston,top 10 unexplained,332.23,-203.98,29.61
390,That's Not in the Textbooks,,"PILOT fields a kid's cosmic questions about dying stars and black holes with answers that are technically not in any manual, and definitely not okay.",houston houston,,,PILOT,https://inpoppyfields.tumblr.com/post/796916347426750464/thats-not-in-the-textbooks,1,,houston houston,that's not in the textbooks,332.18,-160.82,45.83
437,Spaceships and Suburbia,,"A space program director briefs colonels into resignation, then goes home to unclog a sink with chopsticks and existential rage.",houston houston,,,PILOT; UNIT,https://inpoppyfields.tumblr.com/post/796916064040681472/spaceships-suburbia,1,,houston houston,spaceships and suburbia,333.56,-156.9,6.71
477,More Than Meets the Cat,,"PILOT's cat keeps flickering into something enormous, horned, and glowing in mirrors, footprints, and security footage -- an anomaly that's either devotion or a Transformers joke taken much too far.",houston houston,,,PILOT,https://inpoppyfields.tumblr.com/post/796916255767527425/more-than-meets-the-cat,1,,houston houston,more than meets the cat,332.27,-85.89,-45.0
601,"The Cat Remembers, Too",,"PILOT's cat turns out to be quietly, uncannily working the case of PILOT's own erased memories -- opening doors, hiding files, syncing hums to a lullaby only DONOR would know.",houston houston,,,PILOT; DONOR; UNIT; ORBITAL DEBRIS,,1,,houston houston,"the cat remembers, too",332.27,-42.07,3.19
625,Top 10 Unexplained: The Space Center,,If you thought the visitor center was weird enough…,houston houston,,,DONOR the anomalous extreterrestrial interdimensional entity; Director PILOT; UNIT is a cat,https://inpoppyfields.tumblr.com/post/796916495101853696/top-10-unexplained-the-space-center,1,,,,0.0,-154.04,32.94
626,INTRO to Houston Houston,,"“Houston, I’m the problem and I’m never coming back.”",houston houston,,,DONOR; PILOT; UNIT,https://inpoppyfields.tumblr.com/post/809303402146349057/houston-houston-im-the-problem-intro,1,,,,0.0,-89.44,-47.71
684,"TOP MOST TRUSTED SPACE NEWS SOURCE, ACCORDING TO NASA DIRECTOR",,"PILOT’s media credibility ranking is either satire, propaganda, or a staffing emergency.",houston houston,,,DONOR the anomalous extreterrestrial interdimensional entity; Director PILOT; UNIT is a cat,https://inpoppyfields.tumblr.com/post/810502958947188736/top-most-trusted-space-news-source-according-to,1,,,,0.0,-129.94,65.51
743,The Exit Interviews She Never Gave,p1 / p2,A performance review covering several careers she never actually had.,houston houston,,,PILOT; DONOR,,2,,houston houston,your most favorite character,333.55,-126.24,63.8
6,The Fridge Remembers Everything,p1 / p2 / p3,"The fridge insists it was built from PILOT's own tissue, the household appliances get named against their will (GREG did not consent), and by 'all the tea' the microwave is just showing 8:88 and refusing to elaborate.",in another world,purple house arc,,PILOT; DONOR; UNIT; AUTOPILOT; NULL; KILOTON,,3,"50, 167",in another world -- aka ours/ASSMAN OMELET,the fridge remembers everything,325.92,-28.68,-62.98
21,Who We Used to Be,v1 / v2 / v3,Ex-heroes trade old stories over cold rotisserie chicken and Jira tickets. Turns out moving on doesn't come with severance.,in another world,,,PACHECO; SANTOS; PILOT; DONOR; UNIT; AUTOPILOT; LIANG; JAEWOO,,3,,in another world -- aka ours,who we used to be,446.89,-90.4,-55.67
37,Would You Have Preferred a Refund,Seriously Would You / No Hazards / The Light Knows / Why Do You Want To Quit So Badly?,"A roommate satisfaction survey, mostly about grilled cheese and rent.",in another world,,,PILOT; KIM; MORALES; SANTOS; LEE,,4,,in another world -- aka ours,would you have preferred death,268.98,-157.97,-9.09
40,In Stone vs in Snapchat,v1 / v2,Everyone assumes the girl in the old photo had main character energy.,in another world,,,PILOT (implied),,2,,in another world -- aka ours,in stone vs in snapchat,402.73,-56.76,-13.49
41,The Nother Juniper,p1 / p2 / p3v1 / p3v2 / p4 / p5,A Pinterest board gets weird.,in another world,,,PILOT; DONOR; REYES; PACHECO; BASANTI; LIANG,,6,,in another world -- aka ours,the nother juniper,676.5,-173.62,55.07
60,"Real Names, Unreal Paperwork",p1 / p2 / p3,PILOT scrolls the community newsletter.,in another world,,,PILOT; HAN; MARQUEZ,,3,,in another world -- aka ours,"real names, unreal grief",205.96,-123.61,-43.68
75,Do You Feel Like A Hero,v1 / v2,"PILOT polls an entire retirement community on whether they feel like heroes; mostly they'd rather talk about muffins, cats, and being 'present.'",in another world,strolling in san bruno,,PILOT,,2,,in another world -- aka ours/strolling in san bruno,do you feel like a hero,415.52,-164.41,16.65
96,Burnt Out vs Burning Differently,p1 / p2 / p3 / p4 / p5,A brunch reservation conflict.,in another world,,,PILOT; DONOR; CHEN; RAMIREZ; LEE; SINGH; EVANS; HENDERSON; KAPOOR; REYES; YAMADA; KHAN; ORTIZ; VASQUEZ; JONES; COLE; YU; SHAW; RUIZ,,5,,in another world -- aka ours,burnt out vs burning differently,201.43,-136.32,61.23
104,Mr. Whoosh a Lot,p0 / p1 / p2,"KILOTON never got a body in this life, so he settles for rearranging the fridge magnets and rattling the microwave.",in another world,purple house arc,,PILOT; DONOR; UNIT; AUTOPILOT; KILOTON,,3,"50, 181",in another world -- aka ours/ASSMAN OMELET,mr whoosh a lot,327.04,-90.18,-17.35
121,Movie Night Credits Scene,v1 / v2,"The gang watches an action movie for fun, and PILOT ruins the mood by explaining that real life doesn't get a hero shot.",in another world,,,PILOT; SANTOS; MORALES; PACHECO; AUTOPILOT; UNIT,,2,,in another world -- aka ours,movie night credits scene,473.56,-103.59,57.24
122,The Only One Breathing,v1 / v2 / Look It’s You,PILOT spends her Friday night wandering a quiet park instead of getting hot pot with friends. Somehow it's the good kind of lonely.,in another world,strolling in san bruno,,PILOT; AVILA; PARK; SANDERS,,3,,in another world -- aka ours/strolling in san bruno,the only one breathing,402.73,-83.94,42.04
126,In Print vs In Memes,p1 / p2 / p3 / p4,"A group chat, mixed messages.",in another world,,,PILOT; LIU; JONES; KAPLAN; CLARK; MARSHALL; MILLER; LOPEZ; STEVENS; BROWN; MORGAN; VARGAS; TANAKA; IVANOVA; HENDERSON; MORENO; NGUYEN,,4,,in another world -- aka ours,in memoriam vs in memes,201.08,-67.17,33.94
199,INTRO to In Another World,In Marble vs Memes / PILOT Remembers / Why Is Everyone So Tired Over There 2 / Why Is Everyone So Tired Over There / The Worlds Are Not Different / Cold Brew,"Bagels, roommates, and cats.",in another world,,,PILOT,,6,,in another world -- aka ours,intro,201.08,-38.13,-47.34
218,You Wore the Same Outfit Twice,,PILOT has a Trader Joe's picnic at her own old apartment.,in another world,strolling in saratoga,,LEX; PILOT; KAI; SANTOS; MIRI,,1,,in another world -- aka ours/strolling in saratoga,you wore the same outfit twice,402.72,-89.93,66.04
243,Anyone Could Do It,P1 / P2 / P3 / P4 / Just A Guy / Parking Lot Ponderings / The Author is Invested,PILOT sees a stranger's old parking permit and spirals.,in another world,,,PILOT; REYES; NGUYEN,,7,,in another world -- aka ours,anyone could do it,242.94,-127.36,-22.85
246,Rooftop Revelation,,"On a suburban rooftop, PILOT and DONOR clock the entity watching them as pure hunger, not envy — which is somehow worse.",in another world,the house breathes,,PILOT; DONOR,,1,,in another world -- aka ours/the house breathes,rooftop revelation,479.48,-184.83,-42.17
247,Do You Think They Felt Like Heroes,,PILOT walks a parking garage counting her own fender-benders like frequent-flyer miles while DONOR admits she envies a kind of ending she never got to have.,in another world,strolling in section something,,PILOT; DONOR,,1,,in another world -- aka ours/strolling in section something,do you think they felt like heroes,478.91,-75.99,43.24
285,Crowded,"Parking Garage V3 / Parking Garage, The Original / Parking Garage, Brunch Edition / Parking Garage, Reflective Mood / Parking Garage, Take Two / Parking Garage, Symmetrical / Parking Garage, Tight Spaces","PILOT keeps circling the newest, tighter level of a downtown parking garage, doing the math on how close together the spots are actually packed, while the signage above keeps insisting there's plenty of room.",in another world,strolling in section something,,PILOT; HALVORSEN; REYES; CHU; ROTH; MORENO,,7,,in another world -- aka ours/strolling in section something,crowded,479.47,-172.65,-9.9
287,Thin Lines,P1 / P2 / P3 / P4 / What If / Reading,"Nine vignettes of PILOT's mundane civilian life -- crosswalks, coffee shops, emails, tight-margin budget spreadsheets.",in another world,,,PILOT; DONOR; VARGAS; TANAKA; MORGAN; HENDERSON; IVANOVA; KIM,,6,,in another world -- aka ours,thin lines,200.78,-75.13,18.59
289,Testing Her Limits,Fig Toast / Push Her Luck,"DONOR, who's never had to prove anything the hard way across any remembered timeline, starts testing her own limits on purpose, until PILOT finds her and tells her it was never required.",in another world,purple house arc,,DONOR; SANTOS; PILOT,,2,,in another world -- aka ours/ASSMAN OMELET,bleed bitch,298.0,-151.86,49.9
315,Level Up or Level Down,Or Level Sideways / Carson / Vaughn,"PILOT watches alternate-universe versions of her old squad do payroll and crochet instead of chasing legends, and has to reconcile the stories she idolized with the very ordinary people now arguing with her about guac at Chipotle.",in another world,,,PILOT; VEGA; RIVERA; HENDERSON; KIM; CARSON; VAUGHN,,3,,in another world -- aka ours,level up or level down,252.92,-54.26,-8.74
333,Tell Me If I Was Cool Back Then,,"A week of roommates going about ordinary chores while the kitchen appliances -- fridge magnets, rice cooker, microwave -- casually drip-feed them mundane, unglamorous trivia about their other selves. Domestic weirdness with a compost schedule.",in another world,purple house arc,,KELLY; MARTIN; BROWN; PILOT; DONOR; UNIT; AUTOPILOT,,1,,in another world -- aka ours/ASSMAN OMELET,tell me if i was cool back then,469.94,-110.0,-63.35
350,Serif and Marble,,"PILOT can't read a name on a coupon, a Slack handle, or a DoorDash receipt anymore without overthinking the font choice. Everyone she knows suddenly feels a little more formal than they used to.",in another world,,,PILOT,,1,,in another world -- aka ours,serif and marble,464.82,-161.47,53.04
375,This Is Not the Only Story Being Told,,"DONOR walks a quiet, multiverse-adjacent house at the hour the timeline gets thin, listening in on all the other versions of this family -- the ones that didn't work out, the ones that never met -- grateful this is the one that did.",in another world,,,DONOR; PILOT; SANTOS; PACHECO,,1,,in another world -- aka ours,this is not the only story being told,408.45,-127.51,-12.52
376,It's Just Logistics,,"PILOT reads the sign for 'Section 94' of the parking structure, realizes it sounds like the Mandarin for something else entirely, and decides the universe has a sense of humor about where she's standing.",in another world,section 94,,PILOT,,1,,in another world -- aka ours/section 94,p0,402.72,-109.47,-64.04
388,In Photos vs on Phone,,"A photo album, mismatched captions.",in another world,,,PILOT; PACHECO; SANTOS; LIANG; NGUYEN; MORALES; DONOR,,1,,in another world -- aka ours,in photos vs on phone,455.95,-152.93,-27.31
416,You Don't Need to Know Krav Maga to Buy Cereal,,PILOT spirals into high-alert mode in the Trader Joe's snack aisle over a self-defense listicle. DONOR leaves a sticky note telling her to stand down.,in another world,"pilot, thats not polka",,PILOT; DONOR,,1,,"in another world -- aka ours/PILOT, THATS NOT POLKA",You Don’t Need to Know Krav Maga to Buy Cereal,318.72,-67.1,17.22
462,You Get a Gold Star You Get a Gold Star - Not You,,"Gold stars start appearing all over the house overnight, and PILOT realizes the ceremony spells out a verdict rather than a prank.",in another world,the house breathes,,PILOT; DONOR; PACHECO; SANTOS; ZAHRA,,1,,in another world -- aka ours/the house breathes,you get a gold star you get a gold star - not you,599.69,-92.22,67.81
475,The House Breathes,P1 / But Something Is Off,"PILOT tends her own ordinary body with the care of someone who remembers rougher days, while her roommates measure their soft civilian lives against versions of themselves they'll never be -- and the house itself listens, quietly wondering if it's earned anything either.",in another world,the house breathes,,PILOT; PACHECO; SANTOS; ZAHRA,,2,,in another world -- aka ours/the house breathes,the house breathes,469.91,-44.8,-17.46
488,Four Moves to Nowhere,,PILOT tries to relearn a movie fight move with her own body and ends up sobbing on the carpet over muscle memory from a life she doesn't get to have anymore.,in another world,"pilot, thats not polka",,PILOT; DONOR,,1,,"in another world -- aka ours/PILOT, THATS NOT POLKA",Four Moves to Nowhere,318.73,-88.13,-57.28
510,This Is Not a Drill (But PILOT Is Doing Drills Anyway),,"A midnight workout, unnecessary.",in another world,"pilot, thats not polka",,PILOT; LEE; SANTOS; DONOR,,1,,"in another world -- aka ours/PILOT, THATS NOT POLKA",This Is Not a Drill (But PILOT Is Doing Drills Anyway),318.72,-118.63,-33.21
538,Frosty the Snowman,,"A Costco Christmas display comes quietly, briefly alive.",in another world,,,DONOR; PILOT,https://inpoppyfields.tumblr.com/post/796907731694075904/in-another-world-aka-ours-frosty-the-snowman,1,,in another world -- aka ours,frosty the snowman,450.01,-159.12,-63.76
541,Living Room Revelation,,"A midlife crisis, mild version.",in another world,the house breathes,,PILOT,,1,,in another world -- aka ours/the house breathes,living room revelation,518.42,-111.83,-15.34
543,There Are No Yearbook Photo Retakes,,"An old yearbook, no do-overs.",in another world,,,,,1,,in another world -- aka ours,there are no yearbook photo retakes,450.0,-67.15,59.3
545,And There Will Always Be Errands to Run,,PILOT wanders a not-yet-finished parking structure.,in another world,section 94,,PILOT,,1,,in another world -- aka ours/section 94,p2,393.95,-101.68,-4.2
589,Fitness Standards Are Very Different,,A sardonic townhouse roommate report card compares everyone's cushy Bay Area gym habits to the much rougher training their past selves actually had.,in another world,,,PILOT; PACHECO; SANTOS; LIANG; NGUYEN; MORALES; DONOR,,1,,in another world -- aka ours,fitness standards are very different,458.74,-62.37,-62.44
591,And There Will Always Be Paperwork,,"A parking structure scene that gets PILOT thinking about scheduling, mostly.",in another world,section 94,,PILOT,,1,,in another world -- aka ours/section 94,p1,393.94,-71.5,31.01
636,Purple Farewell,p1 / p2 / p3,A purple-tinged transition.,in another world,purple house arc,,DONOR; PILOT; UNIT,https://inpoppyfields.tumblr.com/tagged/farewell%20in%20purple/chrono,3,,,,0.0,-123.0,-39.95
637,Intermission in Purple,p1 / p2 / p3,A purple intermission where the joke-house pauses long enough for something quiet to become audible.,in another world,purple house arc,,DONOR; PILOT; UNIT,https://inpoppyfields.tumblr.com/tagged/intermission%20in%20purple/chrono,3,,,,0.0,-55.35,-18.08
639,The Purple House Arc,The Fridge / The Kids / The New Kid,"DONOR and PILOT's fridge starts leaving passive-aggressive notes from their extradimensional mech children, and it only gets stranger once NULL crashes the group chat and a new kid says 'uh-oh.' The leftovers are the least of your concerns.",in another world,purple house arc,,PILOT; DONOR; UNIT; AUTOPILOT,https://inpoppyfields.tumblr.com/tagged/assman%20omelet/chrono,3,,,,0.0,-128.64,6.98
5,Studio Sadness,No One's Happy / Regrets / Old Photos / Studio Sunset / Recurring Dreams / An Evening,"A photo shoot everyone's dreading, across several sessions, golden hour and moody lighting included.",innately unabsolvable,the sieve,,DONOR; PILOT,,6,,innately unabsolvable/the sieve,studio sadness,140.01,396.91,325.58
7,Snippets,p1 / p2,"A few loose notes, nothing major.",innately unabsolvable,after-hours echoes,,HUGHES; TORRES; KLEIN; ANDERSON; MENDOZA; HARPER; SINGH; MYERS; YATES; MONROE; BLACKWELL; ROSS; BLACKWELL; MORALES; TORRES; HARPER; WEST; KIM; LEE; COLLINS; LI; RIOS; HAYES; CARTER; MILLER,,2,,innately unabsolvable/flirting after death,snippets,162.92,439.86,346.58
12,This Is Extremely Poor Feedback,From the Source Themselves / From the Families Themselves / Recursively / From the Higher Judgements Themselves / Recursively and Complicated,"Some very blunt customer feedback, on a loop, from several different departments.",innately unabsolvable,mayday,,AUTHOR; the collective feedback committee,,5,,innately unabsolvable/mayday,this is infinitely fucked up,419.5,373.45,317.59
15,Some & All,p1 / p2 / p3,An overly generous tip.,innately unabsolvable,the sieve,,PILOT; DONOR,,3,,innately unabsolvable/the sieve,some gave all,153.73,491.17,268.99
18,Still Burning,p1 / p2 / p3,The oven was left on.,innately unabsolvable,edge cases,,PILOT; SMITH; JOHNSON; LEE; CARTER; BROWN; WILLIAMS; DAVIS; LYNN; FAYE,,3,,innately unabsolvable/flirting with death/those who burn on,still burning,193.01,443.82,341.51
20,Six Feet Under,p1 / p2 / p3 / p4,"A gardening pilot episode and a couple of landscaping anniversaries, very thorough.",innately unabsolvable,six feet long and six feet under,,SANTOS; PILOT / Lt. Liang; DONOR; SALAZAR; LIN,,4,,innately unabsolvable/six feet long and six feet under,six feet under,285.0,419.26,297.39
25,Mayday,The Riflewoman / The Riflewoman and the Healer / BETTER / Motives / All Starts Here / What Are You Doing,"A resume, a welcome packet, and several rounds of self-administered performance review.",innately unabsolvable,mayday,,AUTHOR; RIFLEWOMAN; LIANG,,6,,innately unabsolvable/mayday,intro,423.86,334.61,326.9
26,Realizations with Perfect Timing,v1 / v2,A very late epiphany.,innately unabsolvable,your turn,,PILOT; DONOR; UNIT,,2,,innately unabsolvable/your turn,realizations with perfect timing,142.85,473.99,298.21
36,Contracted Envy,p1 / p2 / p3 / p4 / p5 / p6 / p7 / p8 / p9 / p10 / p11 / p12 / p13 / p14 / p15 / p16 / p17 / p18 / p19 / p20 / p21,"A gym membership, renewed and reviewed from every possible angle.",innately unabsolvable,edge cases,,DONOR; VOSS; YATES; HARLOW; EVANS; MENDOZA; PARK; ROJAS; LIN; LIN; RIVERA; LEE; MYERS; CLARKE; MALIK; HERNANDEZ; CARTER; MOLINA; DENHOLM; OKA; LENNOX; LAINE; KOVÁCS; ANDRADE; SATO; MENDEZ; JANG; LEVESQUE; ODEH; ELLIS; DANIELS; MARKS; VEGA; TORRES; YATES; HARRIS; SANTOS; NAVARRO; KOZLOV; MORENO; ELLIS; ARROYO; LEBLANC; MCKINLEY; LAURENT; HINOJOSA; RAHMANI; PIERCE; FARROW; ZHOU; BENNETT; ISSA; MALLOY; PARK; REYES; PARK; MONROE; ESPINOZA; HUANG; HOLLOWAY; REYES,,21,,innately unabsolvable/flirting with death,contracted envy,162.98,415.94,264.83
38,"Houston, We Have a Problem",v1 / v2 / Another Problem / That Should Not Have Worked,A minor scheduling conflict.,innately unabsolvable,houston we've got a fucking problem,,PILOT (Liang); VOSS; TREMBLAY; PACHECO; SANTOS; VARGAS; SUH,,4,,innately unabsolvable/houston we've got a fucking problem,houston we have a problem,388.06,396.74,395.22
44,Uncinematic,v1 / v2 / v3 / v4 / v5,The lighting wasn't great.,innately unabsolvable,your turn,,PILOT; REYES; BASANTI; CORRIN; PACHECO; NIX,,5,,innately unabsolvable/your turn,uncinematic,380.86,453.86,328.04
46,The Piloting,p1 / p2 / p3 / p4 / p5,A driving lesson.,innately unabsolvable,your turn,,PILOT; SANTOS; GRIGGS; ADELINA; REED; NAOMI; CAM; DAVE; LEYNA; HAL; ANIKA; WALT,,5,,innately unabsolvable/your turn,the piloting,388.06,381.31,262.23
49,She Sees Them,Eventually / Whole - Too Late / Whole - Alive,"She finally checks her messages -- eventually, then late, then just in time.",innately unabsolvable,the flesh underneath,,SANTOS; KADE; ALVAREZ; RENNICK; HARPER; VEGA; ELISE; OWEN; LINH; AMINAH; RITTER; KIMI; DELGADO; JAY; FARID; MARISOL; VICTOR; ISAAC; LUKAS; AMIRA; HARUTO; NOELLE; EBRAHIM; SOFIA; JONAS; KHADIJA; LYDIA; RAMIREZ; MORRISON; NGUYEN; HALL; OCHOA,,3,,innately unabsolvable/the flesh underneath,she sees them,425.57,492.76,266.07
53,Someone Is Clearly Screwing Around,p1 / p2,Somebody's not taking this seriously.,innately unabsolvable,single and ready to mingle,,PILOT; BASANTI; REYES; PACHECO; NIX; MILO; CORTEZ; PENDERGAST,,2,,innately unabsolvable/single and ready to mingle/asset cluster 17g/the version where they all do not die,someone is clearly screwing around,472.62,456.94,323.73
58,Conversation with Ghosts,p1 / p2 / p3,Small talk with the neighbors.,innately unabsolvable,the sideliner,,PILOT; BARRON; REEVES; ELLIS; ALVAREZ; VANCE,,3,,innately unabsolvable/the sideliner,conversation with ghosts,149.0,368.16,268.52
59,Making the Calls,p1v2 / p1 / p2,Some overdue phone calls.,innately unabsolvable,we regret to inform you,,MEDIC; PILOT; KAYLA; CALEB; RAMIREZ; KLINE,,3,,innately unabsolvable/we regret to inform you,making the calls,518.41,340.69,267.21
63,Conversation with a Signal,p1 / p2,One more overdue phone call.,innately unabsolvable,the sieve,,DONOR; MONROE; RAINES,,2,,innately unabsolvable/the sieve,conversation with a ghost,153.95,363.59,324.24
67,Lives of Measure,p1 / p2,A very thorough inventory count.,innately unabsolvable,contracted envy,,DONOR; PILOT; TARIQ; LI; MARIA; KARA,,2,,innately unabsolvable/contracted envy,lives of measure,290.57,420.39,369.96
77,Six Feet Long,PILOT / Cesar,"A tape measure disagreement, settled twice.",innately unabsolvable,six feet long and six feet under,,PILOT; SANTOS; ACUNA,,2,,innately unabsolvable/six feet long and six feet under,six feet long,300.0,465.33,311.56
91,When Birds Fall,p1 / p2,"A window strike, probably.",innately unabsolvable,single and ready to mingle,,PILOT (Liang); TORRES; YUN; ANDERS; SALAZAR; PACHECO; HERRERA; CARSON,,2,,innately unabsolvable/single and ready to mingle,when birds fall,388.06,458.21,321.94
92,Layers,p1 / p2,"An onion, basically.",innately unabsolvable,the flesh underneath,,SANTOS; SOLDIERS,,2,,innately unabsolvable/the flesh underneath,layers,416.45,426.23,335.59
101,Season None,p1 / p2 / p3 / p4 / p5,"The season finale, cancelled anyway: a watch party, a first-aid kit, and no refunds.",innately unabsolvable,mayday,,ALT-AUTHOR SPC; BOYFRIEND,,6,,innately unabsolvable/mayday,season none,423.86,476.4,294.36
112,Milo,p1 / p2 / p3 / p4 / p5 / p6,"The dog's fine, probably.",innately unabsolvable,single and ready to mingle,,MILO; REYES; PILOT; NIX; PACHECO; BASANTI,,6,,innately unabsolvable/single and ready to mingle/asset cluster 17g/the version where they all die/p2 -- the darkly sad part,Milo,369.01,432.05,289.55
120,Liang,The Memory Tent / Intro / Found Footage,"A pop-up canopy situation, a resume, and some misplaced security camera footage.",innately unabsolvable,mayday,,PROTAGONIST,,3,,innately unabsolvable/mayday,liang,424.11,442.35,270.97
129,High School Sweethearts,p1 / p2 / p3,A reunion nobody RSVP'd to.,innately unabsolvable,mayday,,RIFLEWOMAN; MEDIC; SQUADMATE,,3,,innately unabsolvable/mayday,high school sweethearts,450.93,370.42,337.18
133,Get Ahead,v1 / v2,A haircut appointment.,innately unabsolvable,your turn,,PILOT,,2,,innately unabsolvable/your turn/flavors of silent devastation,get ahead,596.99,400.63,323.14
138,Conversation With a Voice,The Rookie / The Captain / The Content Ones Do NOT Help / The Commander,A round of performance reviews and one very unhelpful customer service call.,innately unabsolvable,contracted envy,,DONOR; LEE; CALDWELL; HARRIS,,4,,innately unabsolvable/contracted envy,conversation with a voice,158.07,436.14,351.25
140,The Sieve,The Voyeur / The Watcher,"Someone's watching the neighbors, twice.",innately unabsolvable,the sieve,,NARRATOR; DONOR,,2,,innately unabsolvable/the sieve,the sieve,0.0,408.64,382.9
142,First to Fall,It Really Sucks / You Were Right There 3 / Seriously It Sucks / No One Is Impressed / You Were Right There 2 / You Were Right There 1,"Nobody wants to go first, six different times.",innately unabsolvable,your turn,,PILOT; SANTOS; KARA; FINN; BASANTI; REYES; NIX; CORTEZ; AHMADI; JONES; TAYLOR; REEVES; JENKINS,,6,,innately unabsolvable/your turn,first to fall,208.99,351.32,264.33
147,Stains in the Sand,You've Got Mail / Heroic on Paper / Hey Kid / She Did Everything Right,"A beach day, some mail, and a very generous LinkedIn summary.",innately unabsolvable,your turn,,PILOT; KIM; SITWELL; MARTINEZ; CHILD,,4,,innately unabsolvable/your turn,stains in the sand,291.62,384.43,224.78
150,Great Job Pilot,p1 / p2 / p3,"A participation trophy, awarded under increasingly questionable circumstances.",innately unabsolvable,your turn,,PILOT; KOCH; ELLIS; MIKA,,3,,innately unabsolvable/your turn,great job pilot,360.68,407.08,368.66
153,There Really Shouldn't Be Any Appeal to This,p1 / Seriously / But There Is Anyways,A questionable life choice.,innately unabsolvable,mayday,,[AUTHOR NAME REDACTED]; [BOYFRIEND NAME REDACTED],,3,,innately unabsolvable/mayday,there really shouldn't be any appeal to this,419.48,427.31,361.95
154,Group Projects,The Group Photo / The Group,"A group photo where everyone says cheese, and a group project that turns out to be mandatory.",innately unabsolvable,single and ready to mingle,,NARRATOR,,2,,innately unabsolvable/single and ready to mingle,group burials,358.74,448.52,335.3
160,A Million Ways to Go,p1 / p2 / p3 / p4 / p5 / p6 / p7,"An unflattering photo, a cooking competition, a barbecue mishap, and a suspiciously specific pool float.",innately unabsolvable,your turn,,PILOT; SLOAN; REYES; DAYA; JORDAN; KIM; SITWELL; LIANG; LIANG,,7,,innately unabsolvable/your turn,a million ways to go,292.99,451.5,331.29
161,You Used to Be Bigger in Life,,"A shrinking violet, apparently.",innately unabsolvable,after-hours echoes,,DECEASED VETERANS,,1,,innately unabsolvable/flirting after death,you used to be bigger in life,450.0,435.44,352.12
168,The Nother World,The Regret Spiral P2 / The Regret Spiral P1 / The Dream V2 / The Regret Spiral P3 / The Dream V3 / The Dream V5 / The Dream V1 / The Flickr Album / The Dream V4 / Bruh You Bombed at Work,"A weird recurring nap, a spiraling second thought, and a mislabeled old photo album.",innately unabsolvable,mayday,,PROTAGONIST; PROTAGONIST; PAL,,10,,innately unabsolvable/mayday,the nother world,672.96,469.48,305.27
169,The Move,p1 / p2 / p3 / p4 / p5 / p6 / p7 / p8 / p9 / p10 / p11 / p12 / p13 / p14,"A very long moving day, with plumbing issues, a bad haircut, some loose wiring, and a closet cleanout.",innately unabsolvable,contracted envy,,DONOR; SERGEANT M; PRIVATE E; CADET A; ENSIGN B; SOLDIER; LIN; CARTER; Specialist K; Lieutenant R; PILOT,,14,,innately unabsolvable/contracted envy,undignified transfer,99.2,488.54,244.66
170,Not OK from the Start and for Several Days,,"A rough week, honestly.",innately unabsolvable,your turn,,BASANTI; NIX; PACHECO; REYES,,1,,innately unabsolvable/your turn/flavors of silent devastation,not ok from the start and for several days,410.57,450.81,332.22
172,Unfounded Files,There Is the Press and There Is the Reality / Service Records,A press release and a set of service records nobody double-checked.,innately unabsolvable,mayday,,NARRATOR; BOYFRIEND; AUTHOR; BOYFRIEND,,2,,innately unabsolvable/mayday,unfounded files,415.52,445.14,339.78
174,Her Turn Almost,,Almost her turn in line.,innately unabsolvable,edge cases,,PILOT; KARA,,1,,innately unabsolvable/flirting with death,her turn almost,208.99,419.56,370.91
178,Eligibility,Overview / The Face / You Sure You Want This / Aftermath,"Some paperwork, complete with headshot, confirmation screen, and more paperwork after the fact.",innately unabsolvable,mayday,,PROTAGONIST; PROTAGONIST,,4,,innately unabsolvable/mayday,eligibility,640.69,456.82,323.91
184,Requiem For The Living,Table to Bed / Celebrity Drinks,"A furniture delivery, with an open bar.",innately unabsolvable,contracted envy,,PILOT; DONOR; FLYNN,,2,,innately unabsolvable/contracted envy,requiem for the living,158.06,402.7,389.14
187,Subjects Of Worship,Darker / Even Darker / Dark,"A series of gym selfies, none of them flattering.",innately unabsolvable,contracted envy,,DONOR; VALE; PILOT; READE,,3,,innately unabsolvable/contracted envy,body of worship,160.0,440.48,345.8
189,Team Effort,Facing the Faces / The Potluck,A group photo and a group project that goes sideways.,innately unabsolvable,contracted envy,,DONOR; VARGAS; ZHAO; CRUZ; MERCER; JACEK; REYES; PATEL; LIU; SATO,,2,,innately unabsolvable/contracted envy,team effort,172.76,333.8,284.19
193,Rigor Mortis,Rough Camping Trip / Already Left / Full / The Face,"A rough camping trip, a very stiff yoga class, and an equally stiff headshot.",innately unabsolvable,your turn,,HARLOW; PILOT; BASANTI,,4,,innately unabsolvable/your turn,rigor mortis,570.97,419.25,371.26
198,Too Fragmented,,A cracked phone screen.,innately unabsolvable,your turn,,,,1,,innately unabsolvable/your turn/too close for comfort,too fragmented,410.72,439.75,346.73
208,"OK And Kicking On The Bird, Then Not, Alone",Alone / With Company,"A rough flight, alone.",innately unabsolvable,your turn,,PILOT; NIX; REYES; PACHECO; BASANTI,,2,,innately unabsolvable/your turn/flavors of silent devastation,"ok and kicking on the bird, then not, alone",410.57,446.16,337.11
214,Young And Strong And Alive And Squishy,,"A gym membership, mixed reviews.",innately unabsolvable,edge cases,,SANTOS; PILOT; GORDI; ISAO; ROWE; VY,,1,,innately unabsolvable/flirting with death,young and strong and alive and squishy,300.02,479.08,289.97
217,Washing,The Girl And The Woman / The Boy,"Laundry day, folding included.",innately unabsolvable,your turn,,LIANG,,2,,innately unabsolvable/your turn,washing what is left,406.98,479.77,288.83
221,Too Familiar,,A face you can't place.,innately unabsolvable,your turn,,PILOT; REYES; BASANTI; NIX,,1,,innately unabsolvable/your turn/too close for comfort,too familiar,410.72,442.43,318.07
233,A Difficult Kind Of Self Compassion,,Some quiet self-reflection.,innately unabsolvable,the sieve,,DONOR,,1,,innately unabsolvable/the sieve,a difficult kind of self compassion,181.1,407.0,334.83
234,In Case Nothing Happens,Cataloging / Tags - Everybody Gets One,A very thorough spreadsheet and a box of lanyards.,innately unabsolvable,contracted envy,,DONOR; HART; HALSTON; QUARTERMASTER,,2,,innately unabsolvable/contracted envy,in case nothing happens,160.03,432.96,296.94
236,They Have To See,,A mandatory eye exam.,innately unabsolvable,we regret to inform you,,PILOT; MOTHER; FATHER,,1,,innately unabsolvable/we regret to inform you/only half of her came back,2,382.61,479.0,290.1
240,Missing Someone Goes Both Ways,Laugh Out Loud / Lots of Love,"A group chat that gets out of hand, twice.",innately unabsolvable,after-hours echoes,,TORRES; VARGAS; RUIZ; HARPER; CARTER; COLLINS; MORALES; MILLER; GRANT; CHANG; KIM; BLAKE; HAYES; ZHANG; ORTIZ; TORRES; VARGAS; RUIZ; HARPER; CARTER; COLLINS; MORALES; MILLER; KIM; BLAKE; GRANT; CHANG; ZHANG; ORTIZ; HAYES,,2,,innately unabsolvable/flirting after death,mourning goes both ways,213.0,413.24,338.15
248,This Counts,Twice / Four Times / Once,"A do-over, counted several different ways.",innately unabsolvable,mayday,,AUTHOR,,3,,innately unabsolvable/mayday,this counts,415.52,445.28,339.6
253,"Nah, I Choose Life",,A very confident RSVP decline.,innately unabsolvable,edge cases,,PILOT (Liang); TORRES; MEDIC,,1,,innately unabsolvable/flirting with death/almost your turn,nah i choose life,606.89,468.88,306.19
256,Final Fleet Days,p1 / p2 / p3 / p4 / p5 / p6 / p7 / p8,"The last day of school, several times over, complete with a gold-star chart and a shift swap request.",innately unabsolvable,the sideliner,,PILOT; O'CONNELL; LEE; VEGA; KWON; NGUYEN; FORD; KIM; MORENO; VAUGHN; TORRES; LIN; CARTER; HARPER; CASEY; TORRES; YU; CARTER,,8,,innately unabsolvable/the sideliner,final fleet days,138.03,437.16,292.77
257,Missing And Found,P1 / P2,"A misplaced umbrella, mostly.",innately unabsolvable,edge cases,,PILOT; KOWALSKI; FIELDS; NGUYEN; LOPEZ; MACKENZIE,,2,,innately unabsolvable/flirting with death,lost and found,300.03,419.53,370.94
258,Conversation with Many Voices,The Guys / The Team,"A crowded group chat, twice.",innately unabsolvable,contracted envy,,PILOT; DONOR; BROWN; LIU; CHANG; PATEL; RAMIREZ,,2,,innately unabsolvable/contracted envy,conversation with many voices,158.06,452.36,306.35
264,Everyone Gets A Gold Star For Effort,,"A participation trophy, for everyone.",innately unabsolvable,single and ready to mingle,,PILOT; CORTEZ; BASANTI; NIX; MILO; REYES; PACHECO,,1,,innately unabsolvable/single and ready to mingle/asset cluster 17g/the version where they all do not die,everyone gets a gold star for effort,522.58,432.23,309.5
267,Bury Me Beneath the Tree in the Backyard,P2 / P4,"The tree situation, in full.",innately unabsolvable,bury me beneath the tree in the backyard,,"PILOT (implied, unnamed ""Tree Girl""); MIA; MIA'S PARENTS; DAWSON; LIN; REED",,2,,innately unabsolvable/bury me beneath the tree in the backyard,bury me beneath the tree in the backyard,270.97,443.08,318.24
269,Too Far Gone,,"Missed the bus, basically.",innately unabsolvable,your turn,,UNNAMED,,1,,innately unabsolvable/your turn/too close for comfort,too far gone,410.73,381.0,372.49
275,Congrats You Are Now a Mini Fridge,,A downsizing announcement.,innately unabsolvable,your turn,,PILOT; TORRES,,1,,innately unabsolvable/flirting with death/almost your turn,congrats you are mini fridge sized,648.11,459.88,317.11
301,Science Rules,p1 / p2,A middle-school poster slogan.,innately unabsolvable,edge cases,,PILOT; REEVES; JONES; TAYLOR; JENKINS; LEE,,2,,innately unabsolvable/flirting with death,science rules,248.7,435.02,352.64
302,Angel Flight,,A delayed connecting flight.,innately unabsolvable,the sideliner,,PILOT; UNIT; PALLAS,,1,,innately unabsolvable/the sideliner,angel flight,155.78,429.91,358.86
304,"Declare Done, Home By Dinner",v1 / v2,An early checkout.,innately unabsolvable,edge cases,,PILOT; MORA; EZRA; JIAN; KOVI; TALLIS; PILOT's mom,,2,,innately unabsolvable/flirting with death,"declare dead, home by dinner v1",324.79,441.18,344.91
308,Too Close,,Someone's in your personal space.,innately unabsolvable,your turn,,PILOT; NGUYEN; RAMIREZ; SANTOS,,1,,innately unabsolvable/your turn/too close for comfort,too close,238.05,461.64,317.0
328,VIP Passenger,v1 / v2,First class seating.,innately unabsolvable,edge cases,,PILOT; NGUYEN; SANTOS,,2,,innately unabsolvable/flirting with death,vip passenger v1,477.94,489.64,271.77
329,Unhinged Minds,Horizontal Gathering / Casual Friday in the Cargo Bay / Formal Gathering / Lawn Picnic,"A lie-down meeting, held four separate times in four separate venues.",innately unabsolvable,unhinged coffin lids and minds,,SANTOS; ROWE; MIN; RAMIREZ; PILOT; HERNANDEZ; YAMADA; KELLER; NGUYEN; ROSSI; ADELEKE; ZHANG; TORRES; RODRIGUEZ; PATEL; VASQUEZ,,4,,innately unabsolvable/unhinged coffin lids and minds,unhinged minds,168.92,476.45,294.27
331,Too Close for Comfort,Soft And Squishy / Legwork,"A crowded elevator ride, with quite a bit of walking involved.",innately unabsolvable,the flesh underneath,,SANTOS; PILOT,,2,,innately unabsolvable/the flesh underneath,too close for comfort,300.0,421.35,368.87
332,Group Bonding,,"A group project, unexpectedly.",innately unabsolvable,single and ready to mingle,,PILOT; BASANTI; REYES,,1,,innately unabsolvable/single and ready to mingle/asset cluster 17g/the version where they all do not die,trauma bonding,698.79,423.03,366.94
337,Friendly Smile Friendly Fire,,An awkward office party.,innately unabsolvable,edge cases,,PILOT; HADDAD,,1,,innately unabsolvable/flirting with death/almost your turn,friendly smile friendly fire,600.83,491.21,268.91
347,Group Cohesion,,A team-building exercise.,innately unabsolvable,single and ready to mingle,,PILOT; REYES; NIX; BASANTI; CORTEZ; PACHECO,,1,,innately unabsolvable/single and ready to mingle/asset cluster 17g/the version where they all die/p1 -- the darkly funny part,p0,403.46,422.62,326.68
348,Horizontal Team Meeting,,"A lie-down meeting, again.",innately unabsolvable,six feet long and six feet under,,SANTOS; DAVIS; KIM; ORTIZ; VEGA,,1,,innately unabsolvable/six feet long and six feet under,horizontal team meeting,452.79,362.33,286.82
367,Quiet From Here,,A phone on silent.,innately unabsolvable,houston we've got a fucking problem,,PILOT; RAMIREZ; JEN; MIA,,1,,innately unabsolvable/houston we've got a fucking problem,quiet from here,392.1,443.32,342.16
369,You Thought Trying Would Make You One of Us,Sideliner Edition / Sieve Edition / Undeserved vs Underwhelmed,"The bench, in sideliner and sieve editions both.",innately unabsolvable,your turn,,PILOT; BOWERS; LOPEZ; GRAHAM; JONES; JENKINS; TAYLOR; REEVES,,3,,innately unabsolvable/your turn,you thought dying would make you one of us,239.04,441.57,344.41
372,Subject 4 Seat C,,"Assigned seating, row 4.",innately unabsolvable,single and ready to mingle,,,,1,,innately unabsolvable/single and ready to mingle,Subject 4 Seat C,368.8,444.56,340.54
387,Too Raw,,The steak sent back.,innately unabsolvable,your turn,,PILOT; JIAN; MORA; EZRA,,1,,innately unabsolvable/your turn/too close for comfort,too raw,505.62,447.3,287.17
389,You Got a Star,,"A gold sticker, basically.",innately unabsolvable,single and ready to mingle,,PILOT; MILO; CORTEZ,,1,,innately unabsolvable/single and ready to mingle/asset cluster 17g/the version where they all do not die,motif - you got a star,464.82,368.7,234.56
406,Unexplained Metaphors for Unexplained Emptiness,,"A poetry workshop, probably.",innately unabsolvable,the sieve,,DONOR; PILOT,,1,,innately unabsolvable/the sieve,unexplained metaphors for unexplained emptiness,181.11,476.35,294.43
410,Horizontal Stage Fright,,Nerves before a nap.,innately unabsolvable,six feet long and six feet under,,DONOR,,1,,innately unabsolvable/six feet long and six feet under,horizontal stage fright,452.79,467.79,307.86
412,Too Soft,,"The bread's gone stale, inverse problem.",innately unabsolvable,your turn,,PILOT; REYES; BASANTI; NIX,,1,,innately unabsolvable/your turn/too close for comfort,too soft,410.71,483.09,283.25
413,The Cross,,"A crossword, maybe.",innately unabsolvable,the sieve,,DONOR,,1,,innately unabsolvable/the sieve,the cross,244.95,412.03,379.25
421,Moments in the Morgue,p1 / p2 / p3,"A very polite laundry day, three loads.",innately unabsolvable,the sideliner,,JULES; PILOT,,3,,innately unabsolvable/the sideliner,moments in the morgue,130.15,401.32,344.03
423,Evening Walk,p1 / p2 / p3,"A walk in the park that turns into a lightbulb decision, then a candle situation, then something more formal.",innately unabsolvable,the sieve,,PILOT; DONOR,,3,,innately unabsolvable/the sieve,cemetery stroll,138.96,390.98,277.89
424,Dreams of What Ifs,,"A weird nap, hypotheticals.",innately unabsolvable,the sieve,,DONOR; PILOT,,1,,innately unabsolvable/the sieve,dreams of what ifs,187.2,426.8,362.55
426,Unhinged Lids,"P1 / P2 / P3 / Unhinged / Knock First, Please / Unraveled","The tupperware situation, worsening with every load.",innately unabsolvable,unhinged coffin lids and minds,,PILOT; RAMIREZ; NGUYEN; MILLER; PATEL; FOSTER; DUARTE; MASON; LEWIS; KIM; REYES; TORRES; TAYLOR; DELGADO; JENSEN; O'DONNELL; THOMPSON; VEGA; MENDOZA; FERRARA,,6,,innately unabsolvable/unhinged coffin lids and minds,unhinged lids,168.0,402.03,291.59
428,Subjects of Measure,Among the Absent / Among the Present,"A very specific inventory count, twice over.",innately unabsolvable,contracted envy,,DONOR; PILOT; AXEL; REED; ELLIS,,2,,innately unabsolvable/contracted envy,bodies of measure,234.6,453.49,226.7
430,The Face,,A headshot.,innately unabsolvable,we regret to inform you,,PILOT; VELASQUEZ; SANTOS,,1,,innately unabsolvable/we regret to inform you/only half of her came back,3,276.04,451.95,330.67
433,The Version Where They All Make It,P5 / P2 / P4,"The version where they all make it, in full.",innately unabsolvable,single and ready to mingle,,PILOT; PACHECO; BASANTI; NIX; REYES; CORTEZ; MILO,,3,,innately unabsolvable/single and ready to mingle/asset cluster 17g/the version where they all do not die,the version where they all do not die,464.82,428.19,360.9
434,Valdez,,A new coworker.,innately unabsolvable,the flesh underneath,,SANTOS; VALDEZ,,1,,innately unabsolvable/the flesh underneath,valdez,416.45,371.97,282.9
436,Team Bonding,,"A team-building exercise, mandatory.",innately unabsolvable,single and ready to mingle,,PILOT; PACHECO; REYES; BASANTI; NIX; CORTEZ,,1,,innately unabsolvable/single and ready to mingle/asset cluster 17g/the version where they all die/p1 -- the darkly funny part,p1,368.82,397.03,328.6
449,Ageful,Ageless / Intro / Uncounted,"A birthday nobody's counting, uncounted from more than one angle.",innately unabsolvable,after-hours echoes,,RUIZ; BLAKE; LI; KIM; CARTER; TORRES; MILLER; LEE; HARPER; COLLINS; WEST; HAYES; RIOS; MORALES; GRANT,,3,,innately unabsolvable/flirting after death,ageful,162.88,433.58,354.42
451,That Was Almost Us,p1,A near-miss parking spot.,innately unabsolvable,single and ready to mingle,,PILOT; MIKA,,1,,innately unabsolvable/single and ready to mingle/asset cluster 17g/the version where they all do not die,that was almost us,472.62,426.92,285.27
454,Congrats You Are Now a Rectangle,,A shape-based demotion.,innately unabsolvable,your turn,,PILOT,,1,,innately unabsolvable/we regret to inform you,congrats you are now a rectangle,704.7,411.89,338.46
483,Bedroom Blues,"Recurring Dreams - Delivery Day / The Gift for the Brave, Punishment for the Coward / Recurring Dreams - Dreams / Recurring Dreams - Fragments of Recognition / No More Long Days","A mattress delivery, with mixed reviews and some recurring dreams.",innately unabsolvable,the sideliner,,PILOT,,5,,innately unabsolvable/the sideliner,bedroom blues,139.98,435.92,351.53
485,She Fits in Their Hands Again,,A ring resizing.,innately unabsolvable,we regret to inform you,,PILOT,,1,,innately unabsolvable/we regret to inform you,she fits in their hands again,276.06,411.06,303.68
489,She Looks Like She's Someone's Cool Aunt,,A very flattering family resemblance.,innately unabsolvable,bury me beneath the tree in the backyard,,MIA; ZHANG,,1,,innately unabsolvable/bury me beneath the tree in the backyard,p3,270.98,451.34,331.5
493,Failsafe,,"A backup plan, unused.",innately unabsolvable,single and ready to mingle,,CORTEZ; REYES; PACHECO; PILOT,,1,,innately unabsolvable/single and ready to mingle/asset cluster 17g/the version where they all do not die,p3,464.82,458.86,321.01
500,We Regret to Inform You,,A rejection letter.,innately unabsolvable,we regret to inform you,,PILOT,,1,,innately unabsolvable/we regret to inform you,we regret to inform you,236.06,378.95,317.97
503,Bury Me Beneath the Tree,,Strong opinions about landscaping.,innately unabsolvable,bury me beneath the tree in the backyard,,ZHANG; DAWSON; REED; CAM,,1,,innately unabsolvable/bury me beneath the tree in the backyard,p1,270.97,465.68,311.03
507,You Don't See Many People Like Her,P1 / P2 - Exit,A rare parking spot.,innately unabsolvable,your turn,,PILOT,,2,,innately unabsolvable/your turn,you don't see many people like her,402.72,456.96,323.7
509,Too Stiff,,"Bad posture, probably.",innately unabsolvable,your turn,,PILOT; REYES; BASANTI; NIX,,1,,innately unabsolvable/your turn/too close for comfort,too stiff,410.72,439.03,347.64
514,Pilot Snaps Out Of It,,"An alarm clock, finally works.",innately unabsolvable,edge cases,,PILOT; LYNN,,1,,innately unabsolvable/flirting with death,pilot snaps out of it,143.81,476.98,293.42
520,The Half,,"A coupon, half off.",innately unabsolvable,we regret to inform you,,SANTOS; VELASQUEZ; PILOT,,1,,innately unabsolvable/we regret to inform you/only half of her came back,1,382.61,478.24,291.36
525,History Is Pretty Funny In The Long Run,,"An old yearbook, revisited.",innately unabsolvable,after-hours echoes,,,,1,,innately unabsolvable/flirting after death,history is pretty funny in the long run,450.0,405.93,385.78
526,Jump Scare,,The vacuum cleaner starts on its own.,innately unabsolvable,your turn,,PILOT,,1,,innately unabsolvable/your turn/too close for comfort,jump scare,410.73,444.81,340.21
527,Circling The Drain,,"A plumbing issue, part one.",innately unabsolvable,your turn,,PILOT; REYES,,1,,innately unabsolvable/your turn/flavors of silent devastation,circling the drain p1,443.87,365.67,268.1
532,Liang's Performance Review,,"A performance review, Liang's turn.",innately unabsolvable,mayday,,LIANG,,1,,innately unabsolvable/mayday,liang you had one fucking job - the death,424.11,450.2,333.05
536,Autopsy,,A very thorough car inspection.,innately unabsolvable,we regret to inform you,,PILOT,,1,,innately unabsolvable/we regret to inform you,autopsy,242.87,496.55,258.92
544,ID Incident 91B,,A badge scanner malfunction.,innately unabsolvable,single and ready to mingle,,,,1,,innately unabsolvable/single and ready to mingle,ID INCIDENT 91B,368.8,332.96,203.1
579,Names of …,,A walk in the park.,innately unabsolvable,the sieve,,PILOT,,1,,innately unabsolvable/the sieve,cemetery stoll - women names (CRY),140.03,321.87,256.01
586,Not OK From the Start,,"A rough flight, from the start.",innately unabsolvable,your turn,,PILOT; BASANTI; REYES; PACHECO; NIX,,1,,innately unabsolvable/your turn/flavors of silent devastation,"not ok from the start, die soon on the bird",410.57,431.53,314.95
588,Asset Cluster 17G,,A spreadsheet tab.,innately unabsolvable,single and ready to mingle,,PILOT; PACHECO; BASANTI; REYES; NIX; CORTEZ,,1,,innately unabsolvable/single and ready to mingle/asset cluster 17g/the version where they all do not die,p1,464.82,485.61,278.89
596,Converstaion With a Voice - The Charcoal,,"A barbecue, unexpected participant.",innately unabsolvable,contracted envy,,DONOR; NGUYEN,,1,,innately unabsolvable/contracted envy,converstaion with a voice - the charcoal,158.09,403.57,332.0
606,Being Retired Makes You Surprisingly Chill,,A very relaxed HOA meeting.,innately unabsolvable,after-hours echoes,,,,1,,innately unabsolvable/flirting after death,being dead makes you surprisingly chill,450.0,380.62,226.71
681,INITIAL FOUND FILES,Human Personnel / Unit Tech Specs / The Earth Base / The Space Base,,innately unabsolvable,mayday,,PERSONNEL; UNITS; ENGINES,https://inpoppyfields.tumblr.com/tagged/found%20files/chrono,4,,,,0.0,389.64,350.07
686,The Coffin in the Crowd,,One pedestrian does not look like the others. Please do not open it.,innately unabsolvable,edge cases,,Linguist PILOT; HOUSEMATES,https://inpoppyfields.tumblr.com/post/809323503418474496/the-coffin-in-the-crowd,1,,,,0.0,427.19,287.83
728,[META] Everything Explained (Allegedly),p1 / p2 / p3 / p4 / p5 / p6,A six-part defense nobody asked her to prepare.,innately unabsolvable,director's commentary,,PILOT; DONOR,,6,,innately unabsolvable/PREFACE,the author - EVERYTHING EXPLAINED,241.73,420.85,369.44
729,[META] Humor Me,p1 / p2 / p3 / p4 / p5,"A request she makes of herself, and grants.",innately unabsolvable,director's commentary,,,,5,,innately unabsolvable/PREFACE,the author - humor me,140.03,438.97,298.5
14,AUTOPILOT,v0 / v1 / v2,The cruise control has opinions.,lilyverse,,,PILOT; DONOR; UNIT,,3,,LILYVERSE,AUTOPILOT,71.91,-32.21,183.78
27,Silk and Steel,p1 / p2 / p3,A fabric-and-hardware store run.,lilyverse,,,DONOR; AUTOPILOT; PILOT; Lieutenant K; Captain Z; Sergeant K,https://inpoppyfields.tumblr.com/tagged/silk%20and%20steel/chrono,3,,LILYVERSE,silk and steel,76.91,-22.42,105.64
45,The Will To Live,v1 / v2,A pep talk nobody asked for.,lilyverse,,,DONOR; UNIT; PILOT (deceased),,2,,LILYVERSE,the will to live,72.34,-42.67,210.63
72,No Pets Allowed On Board,p1 / p2,Airline policy strikes again.,lilyverse,,,DONOR,,2,,LILYVERSE,no pets allowed on board,113.96,-101.31,99.99
128,Shaking Her Icy Pedestal,p1 / p2,A wobbly trophy shelf.,lilyverse,,,DONOR; UNIT (as cat),,2,,LILYVERSE,shaking her icy pedestal,116.02,11.29,226.15
130,The Memorial Hall,p0 / p1,A rental venue booking.,lilyverse,,,DONOR; PILOT; the cat (UNIT),,2,,LILYVERSE,the memorial hall,137.09,-56.32,149.54
222,The Reliquary,,"A junk drawer, basically.",lilyverse,,,DONOR; PILOT; KORASOV; LAI; VERNES; AMURA; CHAO; AYAKO; MEHRAN; IOFFE; SYKES,,1,,LILYVERSE,THE RELIQUARY,563.96,-22.59,133.82
259,The Abyss,,A really long elevator ride.,lilyverse,,,DONOR; AUTOPILOT (echo of PILOT),,1,,LILYVERSE/uncanny valley,the abyss (CRY),92.02,-59.84,176.7
298,Confrontation,,An awkward run-in at the store.,lilyverse,,,AUTOPILOT; DONOR; PILOT (avatar),,1,,LILYVERSE/uncanny valley,4,94.04,-25.62,109.81
339,The Silver Ribbon,,"A participation ribbon, silver.",lilyverse,,,DONOR; AUTOPILOT,https://inpoppyfields.tumblr.com/post/761674967240900608/lilium-candidum-the-silver-ribbon,1,,LILYVERSE,the silver ribbon (CRY),80.94,-107.38,158.82
344,The Woman In Black,,A very committed dress code.,lilyverse,,,DONOR; AUTOPILOT; CADET A; ENSIGN B,https://inpoppyfields.tumblr.com/post/764814532779606016/rest-and-rust-the-woman-in-black-and-red,1,,LILYVERSE/uncanny valley,6,94.48,-51.34,250.26
379,Her Clothes,,A laundry pile.,lilyverse,,,DONOR; AUTOPILOT; PILOT,,1,,LILYVERSE/uncanny valley,2,108.05,-54.66,195.91
441,Mistakes,,"A typo, probably.",lilyverse,,,DONOR,,1,,LILYVERSE,mistakes,71.91,19.97,69.08
480,Her Quirks,,A list of pet peeves.,lilyverse,,,DONOR; AUTOPILOT; PILOT,,1,,LILYVERSE/uncanny valley,3,109.08,-22.53,207.58
482,Human Machine Interactions,,Basically a customer service call.,lilyverse,,,DONOR,,1,,LILYVERSE,human machine interactions,78.98,-4.92,132.44
564,New Outfit,,A shopping trip.,lilyverse,,,AUTOPILOT; DONOR,,1,,LILYVERSE/uncanny valley,5,109.08,16.32,188.13
615,Uncanny Valley,1 - On Her Knees / 2 - The Reconstructed Pilot / 3 - Layer Mismatch / 4 - Behavioral Overfit / 5 - The Two Commanders / 6 - The Reconstructed Commander / 7 - Visual Token / 8 - Human_Form_Init / 9 - The Sister,The valley gets crowded with almost-human beings and absolutely no emotional zoning laws.,lilyverse,,,AUTOPILOT; Lily PILOT is a ghost,https://inpoppyfields.tumblr.com/tagged/uncanny%20valley/chrono,9,,,,0.0,-79.64,199.34
649,LILY PONDERINGS,The Anomalous Cat 1 / The Anomalous Cat 2 / A Flame in the Dark / Dream of an Old Flame,The universe never lets old flames -- or an anomalous cat with opinions about both of them -- stay past tense.,lilyverse,,,DONOR; PILOT; UNIT,https://inpoppyfields.tumblr.com/tagged/lily%20ponderings/chrono,4,,,,0.0,-32.6,205.36
651,Lilium Candidum,Beginnings p1 / Beginnings p2 / The Machine v1 / The Machine v2 / Autopilot Mode / Breaking the Broken / Breaking Point / Cold Words / The Silver Ribbon / FINALE,"The pressure finally wins, chilly conversation by chilly conversation, until even the ribbon meant to hold it together comes undone.",lilyverse,,,DONOR; AUTOPILOT,https://inpoppyfields.tumblr.com/tagged/lilium%20candidum/chrono,10,,,,0.0,-107.68,202.26
151,Space Cat,,"DONOR's cat inexplicably floats outside the station airlock, unbothered, unsuited, and extremely smug about it. She files it under things she is choosing not to think about.",lilyverse,,,DONOR; UNIT (as cat),,1,,welcome to the poppyverse/automated absurdity,space cat,116.03,-62.88,-162.27
563,INTRO to New Types of Newtypes,,Not narrative content -- this is the author's own brainstorming/pitch notes for a hypothetical Gundam-Newtype-flavored AU.,new types of newtypes,,,,,1,,new types of newtypes,intro,750.56,5.45,41.63
745,[META] Working Notes: Lalah’s Counterattack,,"Casting notes for a role recast against type, and who gets stuck haunting whom.",new types of newtypes,director's commentary,Gundam,Lalah Sune (canon); Char Aznable (canon); Amuro Ray (canon),https://inpoppyfields.tumblr.com/post/826617142227189760/char-was-a-man-who-could-have-been-a-father-to,1,,new types of newtypes,AUTHOR NOTES - lalah counterattack,783.01,42.77,64.28
747,INTRO to Other Ours,,"Two enormous mechanical beings, a cosmic diner, and a beverage neither of them can drink.",other ours,,Bokurano,HUOJIN; Zearth (canon),https://inpoppyfields.tumblr.com/post/826675067890122752/other-ours-intro,1,,other ours,INTRO,783.09,-21.49,90.0
748,Creatures of Consumption,,"A very uncomfortable conversation about power supplies, had over untouched drinks.",other ours,,Bokurano,HUOJIN; Zearth (canon); UNIT; PILOT,https://inpoppyfields.tumblr.com/post/826675147690917888/other-ours-creatures-of-consumption,1,,other ours,creatures of consumption,783.09,-79.23,139.51
761,Welcome to the Pelagoverse,p1 - The Whales / p2 - The Baby / p3 - The Squirt,"PILOT, UNIT, and Sae wake up as three enormous marine mammals under a very confused research team’s binoculars, adopt a stray who turns out to be several thousand tons of submarine, and get outnumbered by an increasingly enormous family of sea squirts.",pelagoverse,,,PILOT; UNIT; KUROGANE; MIRA; SQUIRT; ADULT; AUTHOR,https://inpoppyfields.tumblr.com/tagged/welcome%20to%20the%20pelagoverse/chrono,3,"164, 31, 690, 742, 749, 756",pelagoverse,welcome to the pelago,810.89,-82.62,3.55
762,Hello From the Hadal Zone,,"MIRA takes Squirt on an educational field trip to the bottom of the ocean, and Squirt would like it noted for the record that she did not enjoy most of it.",pelagoverse,,,PILOT; UNIT; KUROGANE; MIRA; SQUIRT,https://inpoppyfields.tumblr.com/post/828798502719127552/hello-from-the-hadal-zone,1,,pelagoverse,hello from the hadal zone,805.94,-151.99,-7.94
763,Squirt Goes Skiing,,"MIRA engineers a full ski rig for a two-centimeter sea squirt with no eyes, no limbs, and total confidence, and it works, technically.",pelagoverse,,,PILOT; UNIT; KUROGANE; MIRA; SQUIRT,,1,,pelagoverse,squirt goes skiing,810.89,-113.93,-16.43
764,"Hi, Mom!",,"Squirt's mother finally meets the group and has several very reasonable questions about grapes, cup holders, and the deep sea.",pelagoverse,,,PILOT; UNIT; KUROGANE; MIRA; SQUIRT; SQUIRT'S MOM,,1,,pelagoverse,hi mom,805.94,-91.18,-23.22
311,[REPORT] Practicality,,A federal task force built to track down psychic kids quietly falls apart when everyone involved keeps finding reasons not to cooperate. The bureaucracy just wasn't built out of people who forgot being sixteen.,psi-verse,,The Darkest Minds,,,1,,psi-verse,REPORT - being realistic,0.0,295.07,187.11
358,The Light,,"The protagonist's electrokinesis turns her into a hero, and the story keeps asking for a bigger sacrifice without quite reckoning with what that costs her.",psi-verse,,The Darkest Minds,PROTAGONIST; LUCY,,1,,psi-verse,the light,750.56,381.0,315.85
384,INTRO to Psi-Verse,,A brainstorm sketching two possible paths for a late-blooming kid with powers.,psi-verse,,The Darkest Minds,PROTAGONIST,,1,,psi-verse,intro,750.56,403.98,327.12
494,The Line,,"A late-blooming pyrokinetic burns a path into the earth so seventy-five kids can cross it, and the woman writing her admits the moment landed harder than she expected.",psi-verse,,The Darkest Minds,PROTAGONIST; NELL; LUCY,,1,,psi-verse,the line,750.56,314.17,308.44
744,[META] After-Action Review (Redacted),,A quarterly report on a recruitment initiative that keeps running into feelings.,psi-verse,director's commentary,The Darkest Minds,,,1,,psi-verse,REPORT - psi special forces implementation,750.91,405.52,318.0
546,Visits From an Otherworldly Visitor,The Vision / The Session,A meditation app goes off the rails during an unexpectedly strange session.,sheep milk latte,,,PILOT; DONOR,https://inpoppyfields.tumblr.com/tagged/visits%20from%20an%20otherworldly%20visitor/chrono,2,,sheep milk latte,0 - the visions,469.94,-88.02,225.16
634,INTRO to Sheep Milk Latte,,"Retired PILOT and DONOR run a sheep ranch, vend baked goods at farmers markets, and raise kids on bedtime stories that may or may not violate a federal NDA. Two kooky grandmas, one strange session gone slightly too well, zero regrets.",sheep milk latte,,,DONOR; PILOT; UNIT,https://inpoppyfields.tumblr.com/post/809303512817238016/sheep-milk-latte-intro,1,,,,0.0,-132.77,275.41
757,Shift of the Seasons,p1 / p2 / p3,"A new arrival in early autumn, a farm-to-table initiative by winter, and a nest full of complicated feelings come spring.",sheep milk latte,,,"PILOT; DONOR; the child (UNIT); the lamb (also UNIT, somehow)",https://inpoppyfields.tumblr.com/tagged/shift%20of%20the%20seasons/chrono,3,,sheep milk latte/shift of the seasons,seasons,797.8,-76.27,295.1
486,The Poppyverse Becomes a Manga and…,Does Not Even Make It to Breakfast / Does Not Even Make It to the Boss Fight / Uh NVM,The real problem is that nobody can read the kanji telling them what's about to happen.,shibuya-verse,,,,https://inpoppyfields.tumblr.com/tagged/genre%20glitches%20and%20panelized%20panic/chrono,1,,genre glitch and panelized panic,the poppyverse becomes a manga and does not even make it to,595.45,312.06,-17.46
8,"Nothing Is Sacred, Nothing Is Serious",p1 / p2,A group chat with zero boundaries.,spider lilyverse,flecks of gold,,PILOT; MILA; REEVE,,2,,spider lilyverse/flecks of gold,"nothing is sacred, nothing is serious",195.1,82.25,363.32
10,Grayson,Redacted Logs / Father And Daughter,"Grayson's heavily redacted meeting notes and a quiet family dinner with PILOT, both circling something neither of them will say outright.",spider lilyverse,alternate outcomes,,GRAYSON; PILOT,,2,,spider lilyverse/flecks of gold/NO GUTS OR GLORY and other horrible ways to die,grayson,334.04,136.11,415.41
19,The Signal Goes Both Ways,p1 / p2 / p3,Young PILOT is followed by a silent woman in Crocs. Old PILOT is followed by a quiet rookie signal. Neither has clocked the timeline yet.,spider lilyverse,flecks of gold,,Young PILOT; Old PILOT,,3,,spider lilyverse/flecks of gold -- the flame rekindled,haunting goes both ways,204.04,85.24,414.91
28,Double Disposal,p1 v1 / p1 v2 / p2,A recycling bin mixup.,spider lilyverse,finale - v2 - post,,DONOR; PILOT; LIANG,,3,,spider lilyverse/flecks of gold/FINALE - v2 - POST -- SANTOS sees ghosts,double disposal,661.85,183.27,348.65
74,An Intimate Beheading,p1 / p2 / p3 / p4,A very awkward gift exchange.,spider lilyverse,alternate outcomes,,DONOR; PILOT; AUTOPILOT; GRAYSON; SANTOS,,4,,spider lilyverse/flecks of gold/NO GUTS OR GLORY and other horrible ways to die,an intimate beheading,334.06,133.72,419.11
89,Who and What Is DONOR,v1 / v2 / v3,PILOT builds an entire case that DONOR is an eldritch anomaly warping cameras and printouts around herself. DONOR's defense: she pays taxes.,spider lilyverse,flecks of gold,,PILOT; DONOR,,3,,spider lilyverse/flecks of gold -- the flame rekindled,who and what the fuck is donor,217.13,106.93,368.72
98,Relish,p1 / p2 / p3,A condiment review.,spider lilyverse,flecks of gold,,PILOT; TANAKA; CALLAHAN; SIMMONS; ZHOU; MORALES,,3,,spider lilyverse/flecks of gold,relish,148.94,118.08,459.57
105,Out With a Bang,p1 / p2,"A retirement party, loud one.",spider lilyverse,alternate outcomes,,PILOT; DONOR; SANTOS; GRAYSON; KOWALSKI; MORALES,,2,,spider lilyverse/flecks of gold/NO GUTS OR GLORY and other horrible ways to die,out with a bang,333.87,135.43,527.6
111,Finale,v1 / v2,"PILOT was never just one woman; she was three, and reintegration is messier — and warmer — than anyone expected.",spider lilyverse,flecks of gold,,Reincarnated PILOT; older PILOT; DONOR,,2,,spider lilyverse/flecks of gold -- the flame rekindled,FINALE,218.98,169.77,405.0
127,A Neighbor Like No Other,p1 / p2 / p3,A noisy upstairs neighbor.,spider lilyverse,flecks of gold,,Reincarnated PILOT; old PILOT; DONOR; UNIT; NULL,,3,,spider lilyverse/flecks of gold -- the flame rekindled,a haunting like no other,272.01,196.95,450.11
135,Finale,V2 - 1 / V2 - 3 / V1 - Perfect Timing / V2 - 2 / V2 - 4 / v2 - 0,"PILOT's retirement, several times over.",spider lilyverse,flecks of gold,,PILOT; SANTOS; NULL; DONNIE; REYES; MIA; JACEK; PATEL; STEPH; VERA; CORBIN; SANTOS,,6,,spider lilyverse/flecks of gold,finale,171.0,175.54,481.56
158,Not a Goodbye but a Welcome,,"Young PILOT interrogates the stars about abandonment and gets answered by the sharpest, most protective part of herself instead.",spider lilyverse,flecks of gold,,Young PILOT; Older PILOT,,1,,spider lilyverse/flecks of gold -- the flame rekindled,not a farewell but a welcome,661.85,135.97,315.57
167,1s and 0s,,"A pink anomaly shows PILOT the daughter DONOR never got to have, wearing a warmth NULL was never built to give her.",spider lilyverse,null error,,PILOT; NULL; UNIT; DONOR,,1,"6, 50",spider lilyverse/NULL error,1s and 0s,469.92,78.12,359.96
181,Pillow Talk,Juicy Details / Worst Facial Ever,"Bedtime gossip that goes way too detailed, and a spa day with genuinely bad reviews.",spider lilyverse,kintsugi with gold,,PILOT; DONOR; KILOTON,,2,"50, 104",spider lilyverse/kintsugi with gold,pillow talk,430.8,113.4,419.76
185,Dancing With Risk,The Price of Strain / Reckless Streak / The Ones That Got Away / Impact Test,"PILOT gets pushed too hard, gets patched up, and nearly overdoes it again.",spider lilyverse,flecks of gold,,PILOT; SIMMONS; DANIELS,,4,,spider lilyverse/flecks of gold,dancing with death,148.99,172.7,336.57
191,The Question Inside the Machine,,The mech is not the problem.,spider lilyverse,null error,,PILOT,,1,,spider lilyverse/NULL error,the monster inside the machine,469.92,177.0,502.83
192,SANTOS Does Not Believe in Ghosts,,"SANTOS let PILOT down once, in some other life she can't quite name, and now she has to work alongside a new PILOT who's already forgiven her for it.",spider lilyverse,palo santo,,SANTOS; PILOT,,1,,spider lilyverse/flecks of gold -- the flame rekindled/PALO SANTO,SANTOS does not believe in ghosts,469.91,114.48,466.07
205,Not Like Her,A Dream In A Garden / The Light vs the Flame / The Creator Vs The Commander,"DONOR meets a gentler, unarmed version of herself and doesn't like what it has to say, while PILOT keeps mistaking a cold, buttoned-up Commander DONOR for the warm, paint-stained one she misses.",spider lilyverse,kintsugi with gold,,DONOR; PILOT,,3,,spider lilyverse/kintsugi with gold,not like her,150.6,169.73,373.21
206,Orders From Somewhere High Above,"V1 / V2 / V3 / Who, Exactly? / The New Kid / The First Openings","SANTOS digs through classified archives looking for DONOR and finds files that seem to answer back, while DONOR's memories around PILOT shift from longing into quiet watchfulness over a new recruit she's sure is someone familiar returned in a new form.",spider lilyverse,finale - v2 - post,,SANTOS; DONOR; PILOT,,6,,spider lilyverse/flecks of gold/FINALE - v2 - POST -- SANTOS sees ghosts,orders from somewhere high above,206.15,137.11,385.94
223,Orders From The Abyss,,A very thorough spa review.,spider lilyverse,finale - v2 - post,,PILOT; DONOR; LIANG; SANTOS,,1,,spider lilyverse/flecks of gold/FINALE - v2 - POST -- SANTOS sees ghosts,orders from the abyss,577.02,186.33,451.72
262,Too Young to Clock Out Good,P1 / P2,"PILOT drags SANTOS back from a dangerous near-miss, and years later SANTOS is still trying to say thank you to a name nobody on the ship will say out loud -- right up until she has to listen to PILOT's last black-box recording instead.",spider lilyverse,palo santo,,PILOT; SANTOS,,2,,spider lilyverse/flecks of gold -- the flame rekindled/PALO SANTO,too young to die good,210.06,82.12,494.54
266,Smoldering Embers,p1 / p2,An old filing cabinet and a jammed disposal turn out to be the same thing: the archive nobody wants to be the one to finally clean out.,spider lilyverse,finale - v2 - post,,PILOT; TECHNICIANS; SANTOS; DONOR,,2,,spider lilyverse/flecks of gold/FINALE - v2 - POST -- SANTOS sees ghosts,smoldering embers,202.95,106.66,317.68
279,Confrontation,The Gym / The Office,Lieutenant Hayes asks PILOT a question in the gym.,spider lilyverse,flecks of gold,,PILOT; HAYES; DANIELS; SIMMONS,,2,,spider lilyverse/flecks of gold,confrontation,149.0,126.72,524.06
300,The Woman in the Shadows,The Uncomfortable Truth / The First Glimpses / Silent Judgment,"A smirking figure in yellow Crocs keeps materializing in mirrors and static around a younger PILOT, always watching, always silently judging, never explaining.",spider lilyverse,flecks of gold,,Reincarnated PILOT; older PILOT/SHADOW WOMAN,,3,,spider lilyverse/flecks of gold -- the flame rekindled,the woman in the shadows,196.0,68.63,395.59
312,Hot and Cold,5 / 3 / 0 / 1 / 4 / 2,"PILOT is followed by her own golden-eyed alternate and a cold, judgmental AI presence that can apparently see it too, and neither one will explain itself.",spider lilyverse,flecks of gold,,PILOT; DONOR (implied)/ENTITY,,6,,spider lilyverse/flecks of gold -- the flame rekindled,hot and cold,217.06,110.52,344.04
330,A Bad Splinter,,"A splinter, worse than expected.",spider lilyverse,alternate outcomes,,PILOT; FOSTER,,1,,spider lilyverse/flecks of gold/NO GUTS OR GLORY and other horrible ways to die,impaled,235.14,200.52,414.52
382,Who and What Remains,Like Moths to a Flame / Dare to Remember / Muscle Memory,"A woman keeps catching flickers of a braver, sharper self in mirrors, coffee, and stance.",spider lilyverse,flecks of gold,,PILOT,,3,,spider lilyverse/flecks of gold -- the flame rekindled,who and what remains,177.11,140.7,480.71
383,"Gold Stars, Faded Stars",,A sticker collection.,spider lilyverse,flecks of gold,,PILOT; WEI,,1,,spider lilyverse/flecks of gold,"gold stars, dead stars",172.56,174.43,377.99
411,Shadow of a Person,,"A featureless, light-eating void tries to pass as human in a crowded mess hall, and PILOT is the only one willing to tell it, gently, that it isn't working.",spider lilyverse,null error,,PILOT,,1,,spider lilyverse/NULL error,shadow of a person,469.92,187.15,509.99
447,Speaking Ill,Flavors of Regret / Envy,Knock first!,spider lilyverse,flecks of gold,,PILOT; REYES; SIMMONS,,2,,spider lilyverse/flecks of gold,ill of the dead,153.09,53.76,366.19
448,New Jacket,,"A hand-me-down jacket, questionable fit.",spider lilyverse,alternate outcomes,,CARTER; PILOT,,1,,spider lilyverse/flecks of gold/NO GUTS OR GLORY and other horrible ways to die,new jacket,234.61,104.75,544.2
452,Ran Dry,,"The coffee pot, empty again.",spider lilyverse,alternate outcomes,,PILOT; REYES,,1,,spider lilyverse/flecks of gold/NO GUTS OR GLORY and other horrible ways to die,ran dry,235.12,165.48,530.83
522,Objective And Reward,,"An AI tries to imitate the simple human tenderness of PILOT tying a hair ribbon, and produces a clumsy, heartbreaking approximation of care it doesn't understand but completed anyway.",spider lilyverse,null error,,NULL; PILOT,,1,,spider lilyverse/NULL error,objective and reward,469.92,102.35,500.86
524,Clogged Drain,,"A plumbing issue, the technicians hate it.",spider lilyverse,finale - v2 - post,,PILOT,,1,,spider lilyverse/flecks of gold/FINALE - v2 - POST -- SANTOS sees ghosts,SMOLDERING EMBERS - disposal protocols v2,202.95,149.73,501.64
554,"Old Soul, Young Flesh",,"The technique is flawless, the execution is a walking disaster, repeatedly.",spider lilyverse,flecks of gold,,PILOT,,1,,spider lilyverse/flecks of gold -- the flame rekindled,"old soul, young flesh (LOL)",235.54,178.01,297.56
643,Keep on Dreamin’ Kid,,He's annoyingly alive and hard to keep down.,spider lilyverse,finale - v2 - post,,LIANG; LIANG,https://inpoppyfields.tumblr.com/tagged/keep%20on%20dreamin%20kid/chrono,1,,,,0.0,159.45,394.14
687,The Drives & Engines Archive,Intro / Ultraviolet / Drive Are Drawn to Certain Places / Unsung / The Clinger / Unresolved / The Unbowed,In case you were wondering what those massive things are.,spider lilyverse,finale - v2 - post,,ENGINES,https://inpoppyfields.tumblr.com/tagged/the%20drives%20and%20engines%20archive/chrono,7,,,,0.0,172.88,532.65
688,The Other Side of the Heat,,The desert shows something it has no intention of giving back.,spider lilyverse,flecks of gold,,PILOT; REYES; PERSONNEL,https://inpoppyfields.tumblr.com/tagged/the%20other%20side%20of%20the%20heat/chrono,1,,,,0.0,164.06,406.16
730,[META] Greater Forces,p1 / p2 / p3 / p4 / p5 / p6 / p7,A cosmology assembled one argument with herself at a time.,spider lilyverse,director's commentary,,PILOT; DONOR; Young PILOT,,7,,flecks of gold -- the flame rekindled,META - greater forces,217.09,166.71,520.45
1,Lil Shepherd,p0 / p1 / p2,"A very demanding new IT role, with feelings.",the 43,,86,Little squirt (Cenotaph / MNEMOSYNE / Verschlimmbesserin); Kiriya Nouzen (Pale Rider) (canon); Shourei Nouzen (Dullahan) (canon); Eijyu Nunat (Stormrounder) (canon); Zelene Birkenbaum (Mistress) (canon); Shana Aya (canon); Václav Milizé (No Face) (canon); the Adult; lil squirt; Kaie Taniya (canon); Marcel Voss; Raiden Shuga (canon); Shinei Nouzen (canon); Theoto Rikka (canon); Anju Emma (canon),,3,,the 43,lil shepherd,760.07,-83.3,441.2
55,Black Sheep,p1 / p2 / p3,"An old work badge, tracked down.",the 43,,86,Kaie Taniya (canon); Theoto Rikka (canon); Raiden Shuga (canon); Anju Emma (canon); Kurena Kukumila (canon); Shinei Nouzen (canon); little squirt,,3,,the 43,black sheep,760.04,-148.71,488.99
56,Lil Sis,p0 / p1,"An old sibling falling-out, rerun on a loop.",the 43,,86,The Adult; little squirt; Mina Siroca (canon); Kaie Taniya (canon); Shinei Nouzen (canon); Raiden Shuga (canon); Theoto Rikka (canon),,2,,the 43,lil sis,757.93,-214.53,517.28
84,Operation High School,p0 / p1,"Umbrella drama. The Adult finds it deeply, personally offensive.",the 43,,86,The Adult; Shinei Nouzen (canon); Raiden Shuga (canon); Anju Emma (canon); Kurena Kukumila (canon); Vladilena Milizé (canon); Theoto Rikka (canon); little squirt; Daiya Irma (canon),,2,,the 43,operation high school,758.09,-114.91,527.07
131,Lil Roommate,p1 / p2 / p3 / p4 / p5 / p6 / p7 / p8 / p9 / p10,"An accidental roster mix-up, a mid-meeting bathroom break, some HR paperwork nobody signed up for, and a closing shift nobody clocked out of.",the 43,,86,Raiden Shuga (canon); Theoto Rikka (canon); Shinei Nouzen (Undertaker) (canon); Cenotaph/little squirt; Kaie Taniya (canon); the Adult; Anju Emma (canon); Kurena Kukumila (canon); the Author,https://inpoppyfields.tumblr.com/tagged/lil%20roommate/chrono,10,,the 43,lil roommate,757.54,-201.47,456.92
188,The Adult,Intro / Dev Environment / Night Reading / Honor,"Old training footage, rewatched like a fitness tape.",the 43,,86,The Adult; Alice Araish (canon); Shinei Nouzen (canon); little squirt; Raiden Shuga (canon); Theoto Rikka (canon); Kurena Kukumila (canon),,4,765,the 43,the adult,753.73,-94.31,380.34
357,Interferences,Interference / Another Interference,"Two uninvited radio interruptions, back to back.",the 43,this may be healthier,86,The Protagonist; Lecca Lin (canon); Kaie Taniya (canon); Shinei Nouzen (canon); Raiden Shuga (canon); Theoto Rikka (canon); Anju Emma (canon); Kurena Kukumila (canon); Vladilena Milizé (canon); Daiya Irma (canon),https://inpoppyfields.tumblr.com/tagged/the%2043%20-%20interference/chrono,2,,the 43/interference,interference 1,749.79,-80.14,418.79
397,Lil Processor,v1 / v2 / v3 / v4 / v5 / v6 / v7 / v8 / v9,"The same exit interview, held nine separate times until it finally sounds right.",the 43,,86,The Protagonist (Cenotaph); Shinei Nouzen (canon); Raiden Shuga (canon); Anju Emma (canon); Theoto Rikka (canon); Kurena Kukumila (canon); Vladilena Milizé (canon); Mara Venn (Finch),,9,,the 43,lil processor,748.51,-128.0,454.5
460,Cenotaph,p1 / p2 / p3 / p4 / p5,"A performance review, replayed frame by frame, that eventually asks harder questions about the reviewer than the reviewed.",the 43,,86,little squirt (Cenotaph); Kaie Taniya (canon); Shinei Nouzen (canon); the Adult; Vladilena Milizé (canon),,5,765,the 43/cenotaph,cenotaph,800.85,-148.16,455.54
717,[MANGA] Longitudinal Study,,"An observer compares the same quiet, notebook-carrying girl across several worlds and wonders whether changing the setting ever changes what matters.",the 43,,86,The Adult; Little squirt (Cenotaph); Kaie Taniya (canon),,3,"188, 397, 1",the 43/_manga,Longitudinal Study,751.38,-122.25,546.49
718,[MANGA] Unexpected Broadcast,,"An unexpected field broadcast reaches the squad, followed by a gentler fourth-wall visit involving cocoa, borrowed facilities and an orca plush.",the 43,,86,Little squirt (Cenotaph); the Adult; Shinei Nouzen (canon); Kaie Taniya (canon); Raiden Shuga (canon); Theoto Rikka (canon); Anju Emma (canon); Kurena Kukumila (canon),,2,"55, 460, 357",the 43/_manga,Unexpected Broadcast,750.9,-85.45,427.18
719,[MANGA] Ponytail Practice,,"Squirt attempts Kaie's high ponytail, accepts a little expert assistance and discovers that the style suits her after all.",the 43,,86,Little squirt; Kaie Taniya (canon),,1,"56, 131",the 43/_manga,Ponytail Practice,0.0,-224.06,513.22
720,[MANGA] Daily Checklist,,"A carefully documented school day runs through schedules, safe lunches, social reviews and the nightly promise to try again tomorrow.",the 43,,86,Little squirt,,1,84,the 43/_manga,Daily Checklist,750.97,-140.83,463.38
721,[MANGA] Garden Field Trip,,A sunny field trip becomes a search for tiny garden residents and a practical lesson about how even paradise maintains its ecosystem.,the 43,,86,The Adult; Little squirt,,1,188,the 43/_manga,Garden Field Trip,755.73,-201.76,414.61
722,[MANGA] Orca On Duty,,"Eight field snapshots follow Squirt through coffee barter, repairs, terrain sketches, roll call and a well-earned nap with her orca companion.",the 43,,86,Little squirt (Cenotaph); Shinei Nouzen (canon); Raiden Shuga (canon); Theoto Rikka (canon); Anju Emma (canon); Kurena Kukumila (canon),,1,"131, 460",the 43/_manga,Orca On Duty,759.97,-96.96,437.6
723,[META] She Has a Reason. It's Not a Good One.,,"A confession, several genres late.",the 43,director's commentary,86,The Adult; little squirt (Cenotaph),,1,765,the 43,SECRET INTRO - digging deeper,754.9,-83.92,393.73
724,[META] The Age She Keeps Going Back To,,"A very specific number, and why it won't budge.",the 43,director's commentary,86,The Adult; little squirt,,1,765,the 43,SECRET INTRO - age 14,755.98,-127.73,491.07
725,[META] The Fine Print on a Power She Never Asked For,p1 / p2 / p3 / p4 / p5 / p6,"Fourteen laws, one increasingly stressed teenager, and zero customer support.",the 43,director's commentary,86,Little squirt (Cenotaph); Kaie Taniya (Kirschblüte) (canon); Lecca Lin (canon); Haruto Keats (canon); Kariya Rohga (canon),,6,765,the 43/interference,AUTHOR NOTES,782.66,-149.91,492.26
739,[META] Two Pitches Nobody Asked For,p1 / p2,"Two alternate proposals for the same underlying question, neither one adopted.",the 43,director's commentary,86,Shinei Nouzen (canon); Raiden Shuga (canon); Kaie Taniya (canon); Anju Emma (canon); Daiya Irma (canon); Theoto Rikka (canon); Kurena Kukumila (canon); Vladilena Milizé (canon),,2,,the 43,OPERATION,758.09,-202.5,522.11
740,Field Inventory,,"A very thorough scouting report, filed without commentary.",the 43,,86,Kaie Taniya (Kirschblüte) (canon),,1,,the 43,scouting in the legion wilderness,789.43,-149.7,454.17
741,Filed Under Coincidence,p1 / p2 / p3,"Three separate incident reports, each one technically explainable.",the 43,coincidence,86,Lecca Lin (canon); Kaie Taniya (canon); Daiya Irma (canon); Shinei Nouzen (canon); Anju Emma (canon); Theoto Rikka (canon); Raiden Shuga (canon),,3,,the 43/coincidence,SIGNAL STILL ACTIVE,0.0,-167.61,512.56
742,INTRO to The 43,,A field guide for anyone just now clocking in.,the 43,,86,The Adult; little squirt,,1,"761, 765",the 43,OFFICIAL INTRO,788.97,-100.04,463.32
758,"[META] The Formula, Written Down",,"A one-page process document for a machine that turns one person into several, and asks which version deserved better.",the 43,director's commentary,86,The Adult; little squirt,,1,,the 43,META INTRO,802.65,-126.86,435.11
759,The Triangle Remembers the Circle,,"A beach, a hoodie, and an argument about geometry that turns out to matter more than anyone involved could have guessed.",the 43,cenotaph,86,little squirt; The Adult; Kaie Taniya (canon); Raiden Shuga (canon); Theoto Rikka (canon),https://www.tumblr.com/inpoppyfields/827093932200607744/the-triangle-remembers-the-circle,1,,the 43,The Triangle Remembers the Circle,801.96,-139.85,542.26
760,A Taste We Forgot,,Two girls try to reconstruct an entire vanished culture from one shape nobody can agree on.,the 43,cenotaph,86,little squirt; Kaie Taniya (canon); the Adult,https://www.tumblr.com/inpoppyfields/827093864422735872/a-taste-we-forgot,1,,the 43,a traditional orienta dish,800.71,-185.32,380.52
765,One Notch,Chapter 1 - Cenotaph / Chapter 2 - One Notch / Chapter 3 - Rollback / Chapter 4 - Customer Support / Chapter 5 - House Rules / Chapter 6 - Cenotaph / Chapter 6.5 - Seat Belt / Chapter 7 - Variations / Chapter 8 - The Woman,"CENOTAPH starts hearing a small mechanical sound right before disaster reverses itself, and spends every chapter after that demanding answers from whoever's on the other end of the line -- until the line turns out to loop back to somewhere much closer to home.",the 43,,86,little squirt (Cenotaph); The Adult; Kaie Taniya (Kirschblüte) (canon); Shinei Nouzen (canon); Raiden Shuga (canon); Theoto Rikka (canon); Anju Emma (canon); Kurena Kukumila (canon),https://inpoppyfields.tumblr.com/tagged/one%20notch/chrono,9,"723, 724, 725, 460, 188, 742",the 43/one notch,one notch,821.98,-124.23,463.64
34,The City Is a Stress Test,p1 / p2,PILOT and her DC roommates try to figure out whether their Slack-and-deadline version of pressure means anything next to the uniforms crossing the National Mall.,things to do in dc,,,PILOT; BASANTI; PACHECO; REYES; NIX; CORTEZ,,2,,things to do in dc,the city is a psychological warzone,577.59,-119.19,-25.54
48,Someone Rages And The City Knows,v1 / v2 / v3,"Washington D.C. itself has an emotional breakdown, and DONOR has to talk a sentient, ultraviolet-wavelength entity down from exposing the entire city's feelings to the tourists. Extremely on brand for a city built out of monuments to history.",things to do in dc,,,DONOR; PILOT; RILEY; JUNE; UNKNOWN ENTITY; AUTHOR,,3,,things to do in dc,someone rages and the city knows,486.82,-149.77,-1.55
70,The Hill,p1 / p2 / p3,A giant made of floating stone slabs follows PILOT through Rock Creek Park like an unfinished performance review; the real anomaly turns out to be a very ordinary woman named Iris with a forgettable face and a working phone number.,things to do in dc,,,PILOT; IRIS,https://inpoppyfields.tumblr.com/tagged/the%20hill/chrono,3,,things to do in dc,the hill,602.94,-106.75,69.11
78,The City Knows Something That You Do Not,p1 / p2 / Just PILOT,The universe keeps subtweeting a DC townhouse full of mundane twentysomethings with glitchy printouts and warm-lit hints that they used to be heroes somewhere else.,things to do in dc,,,PILOT; MARA; RILEY; CAL; THEO; JUNE; LIAM,https://inpoppyfields.tumblr.com/tagged/the%20city%20knows%20something%20that%20you%20do%20not/chrono,3,,things to do in dc,the city knows something that you do not,481.93,-26.79,-46.12
90,INTRO to Things to Do in DC,P1 / P2 / P3 / P4 / Despite Everything You Are Still in a Very Important Place / The Engines Know We Are in a Very Important Place - Other Places / The Engines Know We Are in a Very Important Place - Why DC,"PILOT and her fellow DC twentysomethings commute past monuments built for heroes, unaware they used to be some -- DONOR isn't telling -- while the quiet, unglamorous public servants nearby keep doing something real underneath the outrage circus.",things to do in dc,,,PILOT; DONOR,https://inpoppyfields.tumblr.com/post/809295298054766592/things-to-do-in-dc-intro,7,,things to do in dc,INTRO,478.83,-118.59,58.13
103,The House Knows Something That You Do Not,p1 / p2 / p3,"Something strange moves through a DC group house and the National Mall in equal measure, mostly by crying colored light into the dust and hoping nobody notices.",things to do in dc,,,PILOT; THEO; MARA; DONOR,https://inpoppyfields.tumblr.com/tagged/the%20house%20knows%20something%20that%20you%20do%20not/chrono,3,,things to do in dc,the house knows something that you do not,606.65,-83.03,8.45
210,Something Tries To Interact,,A pop-up ad.,things to do in dc,,,The ULTRAVIOLET Engine,,1,,things to do in dc,something tries to interact,577.64,-52.13,44.76
215,The Power Grid Knows Something That You Do Not,,"The city remembers, gently, on purpose.",things to do in dc,,,PILOT; UNIT,,1,,things to do in dc,the power grid knows something that you do not - pilot,482.4,-71.75,11.54
286,The Light Knows Something That You Do Not,Everyone / Just Pilot,"Ordinary DC office workers each get a flickering half-second of deja vu -- a reflection, a siren, a contrail -- hinting they used to be someone braver in another life, while a warm golden light follows PILOT specifically through the memorials, trying to remind her of something.",things to do in dc,,,PILOT; MARA; RILEY; CAL; THEO; JUNE; LIAM,,2,,things to do in dc,the light knows something that you do not,481.94,-105.53,-5.51
335,We Totally Do Important Work,P1 / Classified for Your Own Good,"A handful of twenty-something government and defense-adjacent staffers discover that proximity to power mostly means proofreading, spreadsheet formatting, and grocery-list memos marked classified. Happy hour is the only honest debrief.",things to do in dc,,,PILOT; RILEY; CAL; MARA; THEO; JUNE,,2,,things to do in dc,we totally do important work,479.7,-179.2,45.32
398,What the World Asks of You Now,,A strange entity in the walls resents that PILOT has an answer to a question it can't ask itself.,things to do in dc,,,PILOT; NGUYEN; ZAHRA; SANTOS; PACHECO,,1,,things to do in dc,the new deployment aka what the world asks of you now and someone else watches,595.45,-65.28,14.59
417,Something in the Light Today,Ultraviolet Day / Ultraviolet Surge / Ultraviolet First Snow,"An eldritch light entity throws a jealous, citywide tantrum.",things to do in dc,,,PILOT; DONOR; ULTRAVIOLET DRIVE; BASANTI; REYES; PACHECO; NIX; CORTEZ,,3,,things to do in dc,something in the light today,545.07,-159.23,-45.95
470,Lost in Translation,,"A cohort of parallel-universe PILOTs -- all brilliant, all culturally fluent, all catastrophically bad at Mandarin verb tenses -- converges under one exhausted linguist who alone can translate the chaos.",things to do in dc,lost in translation,,PILOT,,1,,things to do in dc/lost in translation,INTRO,478.84,-107.58,16.18
581,Something Tries to Speak,,"A glitching entity called UV hijacks mirrors, plaques, and phone screens to needle PILOT with cruel little messages at DC monuments, until the Memorial Gate stops it cold.",things to do in dc,,,PILOT; the ULTRAVIOLET Engine,,1,,things to do in dc,something tries to speak,577.64,-164.67,62.46
584,Something Tries to Connect,,A strange entity follows PILOT through DC.,things to do in dc,,,The ULTRAVIOLET Engine,,1,,things to do in dc,something tries to enter,577.63,-139.43,57.59
749,INTRO to To Be Hero Y,,"A hero economy explained from the ground up, starting with a firefighter who wanted none of it.",to be hero y,,To Be Hero X,Sae Kurogane,https://inpoppyfields.tumblr.com/post/826615726598209536/to-be-hero-y-intro,1,"690, 761",to be hero y,INTRO,788.99,-20.42,-13.79
750,"[META] Regarding Sae, Again",,A brief acknowledgment of a recurring scheduling conflict involving fire.,to be hero y,director's commentary,To Be Hero X,Sae Kurogane,https://inpoppyfields.tumblr.com/post/826616164807475200/to-be-hero-y-intro-re-sae,1,,to be hero y,INTRO - regarding sae again,788.99,66.76,-4.28
751,To Be Hero… Why?,p1 / p2 / p3 / p4,A firefighter goes into a burning building and a brand comes out instead.,to be hero y,,To Be Hero X,Sae Kurogane (Black Ram),https://inpoppyfields.tumblr.com/tagged/to%20be%20hero%20y/chrono,4,,to be hero y,episode,789.0,86.15,125.49
752,Middle Aged,,Two coworkers cross paths in a hallway and have the most satisfying conversation of either of their weeks.,to be hero y,,To Be Hero X,Black Ram; Ghostblade,https://inpoppyfields.tumblr.com/post/826616268640731137/to-be-hero-y-bonus-middle-aged,1,,to be hero y,middle aged,797.8,81.88,31.81
753,Zéro Deux Trois Un,,On tourne le bouton d'une radio un peu trop lentement.,tout a toulouse,,,French PILOT,,1,,tout a toulouse,a numbers game,793.5,122.13,26.57
754,Apogée,,"Un café partagé une fois, et un manifeste de lancement lu bien plus tard que prévu.",tout a toulouse,,,French PILOT; DONOR/ÉLODIE; Director PILOT,,1,,tout a toulouse,apogee,793.5,70.04,45.27
755,Arc Flamboyant,,"Un salut en plein vol, un cœur dessiné sur le radar, et un message vocal que personne n'a pu écouter à temps.",tout a toulouse,,,French PILOT (LUCIOLE); DONOR (CATHÉDRALE),,1,,tout a toulouse,arc flamboyant,793.5,105.09,119.78
22,You REALLY Don't Want to Be Me,p1 / p2,A very honest performance review.,ultravioletverse,black opt in,,mundane PILOT; badass PILOT,,2,,ultravioletverse/black opt IN -- you wannabe me,you REALLY don't want to be me,325.43,94.29,-413.13
23,Disavowed,p1 / p2 / RAZA,"An expense report nobody wants to approve, denied a second time when RAZA gets involved.",ultravioletverse,black opt in,,PILOT; GAVIN; RAZA; LEE; JIN; HALE; SUKUMARAN; DAVENPORT; YAMADA,,3,,ultravioletverse/black opt IN,disavowed,347.93,113.87,-341.88
30,You Don't Want to Be Me,p1 / p2 / p3 / p4,"A performance review, honest edition.",ultravioletverse,black opt in,,PILOT (mundane); PILOT (dream/badass),,4,,ultravioletverse/black opt IN -- you wannabe me,you don't want to be me,325.12,204.38,-491.64
73,The Office,p1 / p2 / p3 / p4,"Printer jams, tightly-bonded team photos, and a unit group chat where the pinned message is about flu shots. Everyone's holding it together with dark humor and duct tape.",ultravioletverse,black opt in,,PILOT; JACKSON; MEL; YUSOF; SANTIAGO,,4,,ultravioletverse/black opt IN,the office,326.67,159.46,-443.19
76,Found In Translation,p1 / p2 / p3,"Badass PILOT glides through six dialects and hard conversations with effortless grace, while her dream-side mundane self panics over Duolingo and once accidentally implies a chicken is pregnant with laundry.",ultravioletverse,black opt in,,PILOT,,3,,ultravioletverse/black opt IN,found in translation,325.88,194.96,-471.18
79,You Don't Want To Be Me - Socially Strained,p1 / p2,Black-ops PILOT can defuse a tense extraction without blinking but nearly combusts from secondhand embarrassment at a networking mixer. Turns out fieldwork is easier than small talk.,ultravioletverse,black opt in,,PILOT,,2,,ultravioletverse/black opt IN -- you wannabe me,you don't want to be me - socially strained,325.44,117.11,-479.69
88,Movie Refund,Fight Scene / Fight Scene and a Hospital Bill / P1 / P2 / P3 / P4,"Badass PILOT gets curb-stomped in a fruit market with zero cinematic dignity, then spends three days lying to Thai immigration about being a yoga instructor. Real fights don't have soundtracks.",ultravioletverse,black opt in,,Mundane PILOT; Badass PILOT,,6,,ultravioletverse/black opt IN -- you wannabe me,movie refund,325.87,134.44,-419.64
94,Saving Private Evangelion,p1 / p2,"Forty guys, one PILOT, and a whole lot of casual nonsense to filter without ever raising her voice.",ultravioletverse,black opt in,,PILOT,,2,,ultravioletverse/black opt IN -- you wannabe me,saving private evangelion,355.58,147.35,-406.71
155,Go Team US,4 / 3 / 1 / 2,Someone stole her last popsicle.,ultravioletverse,black opt in,,PROTAGONIST; PILOT; MEDINA,,4,,ultravioletverse/black opt IN,go team us,395.55,159.1,-465.35
171,She Does Not Budge,P0 / P1 / P2 / and She Does Not Lose Herself / And She Still Stays / And She Still Shows Up,"A quiet refusal-to-be-ground-down manifesto for PILOT, who doesn't laugh at the jokes, doesn't ask for respect, reapplies lip balm mid-triage like it's part of the kit, and out-scares every man in an unofficial black-ops unit that doesn't exist on paper by never needing to raise her voice.",ultravioletverse,black opt in,,PILOT; REYES; GRIGOR; BAKER; SINGH,,6,,ultravioletverse/black opt IN,she does not budge,334.87,164.04,-359.5
175,Blob Mode,Pint Sized / Someone Find a Better Name for This / Seriously / Intro / You Expected A Man / Just Scratching Her Nose,Full gear turns an entire squad into identical bundled silhouettes.,ultravioletverse,black opt in,,PILOT; GATTI; KIM; RICO; RIVERA; SANTOS; JACKSON; SANTIAGO,,6,,ultravioletverse/black opt IN,blob mode,334.11,166.81,-340.38
216,Reality Check,p1 / p2 / p3 / p4 / p5 / p6 / p7 / p8,Mundane PILOT spirals over stunt attempts gone wrong.,ultravioletverse,black opt out,,Mundane PILOT; Badass PILOT; MARIN; RIVERA; PILOT,,5,,ultravioletverse/black opt OUT -- you just wannabe proud,reality check set 1,350.04,104.23,-332.6
291,Retirement of a Legend,,A retirement announcement nobody read.,ultravioletverse,black opt in,,PILOT; DONOR,,1,,ultravioletverse/black opt IN,death of a legend,325.64,174.01,-288.49
316,You're Nailing It,,"A karaoke performance, mixed reviews.",ultravioletverse,black opt in,,Mundane PILOT; Badass PILOT,,1,,ultravioletverse/black opt IN -- you wannabe me,you're killin it,332.21,112.03,-376.81
355,Femme Fatale,Ok Mom / Business Casual / Formalwear,"PILOT's understated legend: debriefing on a crate with someone else's mess on her pants, terrifying a corrupt clerk without raising her voice, and playing unglamorous backup in arch-supported boots at a black-tie op.",ultravioletverse,black opt in,,PILOT; FAROUK; MIREILLE,,3,,ultravioletverse/black opt IN,femme fatale,334.87,150.15,-378.3
392,I Wannabe Like You,,"Mundane, sensor-debugging PILOT has an existential crisis comparing herself to her own badass alternate-universe self, who turns out to be just as tired as she is.",ultravioletverse,black opt in,,PILOT,,1,,ultravioletverse/black opt IN -- you wannabe me,i wannabe like you,326.93,55.89,-418.6
427,OMG Is That Me,,Mundane PILOT meets her elite-operator alternate self in a dream hallway and gets gently talked out of wanting the upgrade.,ultravioletverse,black opt in,,PILOT,,1,,ultravioletverse/black opt IN -- you wannabe me,omg is that me,325.57,75.51,-416.23
476,You Were the Dream All Along,,"A battle-worn PILOT visits her own softer, safer timeline like a stranger at the door and finally understands that the boring, cozy, laundry-strewn life was the actual objective all along.",ultravioletverse,black opt in,,PILOT; MARIN; RIVERA,,1,,ultravioletverse/black opt IN -- you wannabe me,you were the dream all along,325.44,126.22,-261.25
604,I Envy Myself,,"Mundane PILOT realizes the confident, capable version of herself she envies isn't a stranger but a possible self -- longing for a life she might have lived, or still could.",ultravioletverse,black opt in,,PILOT,,1,,ultravioletverse/black opt IN -- you wannabe me,i envy myself,350.04,202.68,-494.93
623,Work Voice vs. BBQ Voice,,Professionalism. It matters.,ultravioletverse,black opt out,,UNITS,https://inpoppyfields.tumblr.com/post/803715211624415232/work-voice-vs-bbq-voice,1,,,,0.0,149.76,-292.53
29,Unauthorized Visitors,p1 / p2 / p3,"The base's mechanized units keep sneaking out in human avatars to skateboard, knit, and interrogate washing machines. Somebody should really revoke their leave privileges.",welcome to the poppyverse,holomatter matters,,GAMMA; SPARROW; CRUX; MIRA; THUNDER; BOREAS; UNIT; TITAN,https://inpoppyfields.tumblr.com/tagged/unauthorized%20visitors/chrono,3,,welcome to the poppyverse/holomatter matters,unauthorized visitors,101.09,-51.31,-162.74
42,The Black Lamb And The Blue Bird,p1 / p2 / p3,UNIT and GAMMA weather a corrosive storm and discover intimacy is basically data packets with better emotional bandwidth. PILOT just wants everyone to be soft for once.,welcome to the poppyverse,machine learnings,,UNIT; GAMMA; PILOT,,3,,welcome to the poppyverse/machine learnings,the black lamb and the blue bird,22.11,-119.18,191.54
51,"Robots In Disguise, In The Sky",p1 / p2,"UNIT and THUNDER have a very sincere conversation about purpose and meaning mid-recon-flight, because apparently even attack helicopters get existential on the clock. PILOT just enjoys watching UNIT show off in space.",welcome to the poppyverse,machine learnings,,UNIT; THUNDER; PILOT,,2,,welcome to the poppyverse/machine learnings,"robots in disguise, in the sky",17.8,-203.33,124.98
65,Mechanical Myopia,p1 / p2,"UNIT gets diagnosed with unfixable robot myopia, and a lakeside support group of PILOT, a bird-mech, and a tank talks it into treating one working eye as a personality trait instead of a flaw. Gentle, and low-stakes.",welcome to the poppyverse,machine learnings,,UNIT; PILOT; GAMMA; TITAN; DONOR,https://inpoppyfields.tumblr.com/tagged/myopia/chrono,2,,welcome to the poppyverse/machine learnings,mechanical myopia,40.32,-50.78,49.21
83,The Problem,Around / Within,"Before the mechs, the real problem is the mess hall -- PILOT learns that being smaller, quieter, and better doesn't automatically buy her any friends.",welcome to the poppyverse,pre piloting,,PILOT; UNIT; LARKINS,,2,,welcome to the poppyverse/pre piloting,the enemy,57.97,-183.16,-17.46
86,PT,Sparring / Close Contact / BJJ,"PILOT gets thrown, strangled, and roughed up by a rotating cast of extremely polite sparring partners and calls all of it team bonding. 'It's just a sport,' everyone lies.",welcome to the poppyverse,everyone starts somewhere,,PILOT; Ensign K; PETTY OFFICER M; Lt. J; SOREN; AVERY; KENJI; TANK; MIRA; TOMÁS; RAMOS; MACK; TORRES; COACH,,3,,welcome to the poppyverse/pre piloting/everyone starts somewhere -- awkward and terrible,pt,110.94,-201.69,-35.9
95,Unexpected RAMifications,p1 / p2,"UNIT discovers that horns solve every problem, including 'PILOT had a nightmare.' The wall did not agree.",welcome to the poppyverse,machine learnings,,PILOT; UNIT,,2,,welcome to the poppyverse/machine learnings,unexpected RAMifications,3.81,-205.97,136.74
109,"Early Bird, Late Lamb",v1 / v2,"UNIT is built for the job, not mornings, and the whole hangar knows it.",welcome to the poppyverse,machine learnings,,UNIT; GAMMA; ALPHA; OMEGA; PILOT; UNIT A; UNIT B,,2,,welcome to the poppyverse/machine learnings,"early bird, late lamb",29.74,-74.34,57.46
115,ERIEYE & TITAN,P1 - Sky & Earth / p2 - Air & Ash / p3 - Heaven & Hell / p4 - Heaven,One built for sky and one for ground.,welcome to the poppyverse,unit spotlights,,ERIEYE; TITAN; UNIT,https://inpoppyfields.tumblr.com/tagged/sky%20and%20earth/chrono,4,,welcome to the poppyverse/unit spotlights,erieye and titan,82.02,-100.41,134.74
117,Wild Night Out,v1 / v2,"UNIT and GAMMA discover mechanical inebriation exists, and PILOT finds out about it via the local news.",welcome to the poppyverse,automated absurdity,,UNIT; GAMMA; THUNDER; PILOT; Commander A,https://inpoppyfields.tumblr.com/tagged/wild%20nights%20out/chrono,2,,welcome to the poppyverse/automated absurdity,wild night out,18.97,-79.37,-186.3
118,DIY,Plushies / AA Batteries,"UNIT decides that if it can handle a pile bunker it can handle a sewing needle, hand-stitching plushies and running a very serious scientific investigation into AA batteries, purely to understand humans better.",welcome to the poppyverse,machine learnings,,UNIT; PILOT; GAMMA; TITAN; DONOR,https://inpoppyfields.tumblr.com/post/764811516885286912/pinterest-diy-plushies,2,,welcome to the poppyverse/machine learnings,diy,25.88,117.11,167.44
136,Mode Failure,Paralyzed / Locker Room / Stuck in the Mud,PILOT discovers on a rest day that the body that's never failed her can just stop working.,welcome to the poppyverse,pre piloting,,PILOT,,3,,welcome to the poppyverse/pre piloting,mode failure,102.13,-63.81,253.46
141,Field Logs,Bull in a China Shop / Bye Bye Bluebird / The Framework / Goodbye Thunder / Comic Sans / Under Radar / The Calm Storm / Four-Legged Problem / Visual Markings / Incident Report / Pile Bunked / Violation / The Calm After the Storm / Lend a Hand / Cataphract / The Winged Embrace / Unwillingly Reused Parts / Seeing Red,A long-running log of mecha field vignettes.,welcome to the poppyverse,field logs,,UNIT; PILOT; GAMMA; VALOR; UNIT F; THUNDER; Commander F; ENEMY UNIT; NOVA; DONOR; ALPHA; BETA; DELTA; ZETA; UNIT G; TITAN; ZEPHYR; SPARK; UNIT K; UNIT L; UNIT J,https://inpoppyfields.tumblr.com/tagged/battlefield%20logs/chrono,18,,welcome to the poppyverse/machine learnings/battlefield logs,battlefield logs,7.47,72.24,-122.31
149,When Steel Breaks,p1 / p2,"A mech's first paper cut, and -- later -- the sound of a mech's alarm rendered as one unbroken paragraph.",welcome to the poppyverse,steel and skin,,UNIT; PILOT,,2,,welcome to the poppyverse/steel and skin,when steel breaks,32.96,12.12,138.96
159,ERIEYE,P1 / P2 / P3 / P4,"ERIEYE, a giant scanner-bird mech, chirps like a pet and operates like an air-superiority system, and the squad has stopped being surprised by the gap between the two.",welcome to the poppyverse,unit spotlights,,ERIEYE; PILOT; THUNDER; GAMMA; UNIT; TITAN; HORIZON,https://inpoppyfields.tumblr.com/tagged/erieye/chrono,4,,welcome to the poppyverse/unit spotlights,erieye,82.02,102.94,195.07
163,Anatomy Class,,"UNIT, GAMMA, and TITAN have the dumbest possible conversation about mech anatomy. TITAN just wants reassurance.",welcome to the poppyverse,automated absurdity,,UNIT; GAMMA; TITAN; PILOT (mentioned),,1,,welcome to the poppyverse/automated absurdity,crotches,113.01,-51.22,-196.82
164,MIRA,,A deep-sea rescue unit combs a crush-depth wreck for survivors and finds exactly one. Relief measured in pressure ratings.,welcome to the poppyverse,unit spotlights,,MIRA; AURORA; VANGUARD; FIRST AID,https://inpoppyfields.tumblr.com/post/760128936428601344/spotlight-mira,1,"31, 756, 761",welcome to the poppyverse/unit spotlights,MIRA,397.03,178.94,185.45
165,Personal Care,1 / 2,A very thorough skincare routine.,welcome to the poppyverse,steel and skin,,PILOT,,2,,welcome to the poppyverse/steel and skin,personal care,99.15,-94.72,-239.78
177,Sick Call,A Bandage for a Tank / Sleepover / Relief,"TITAN's holomatter avatar just wants a bandaid; UNIT's just wants to steal a nap wrapped in PILOT's blanket, crutches and all. Scale doesn't matter to comfort.",welcome to the poppyverse,holomatter matters,,TITAN; PILOT; UNIT; DONOR,https://inpoppyfields.tumblr.com/tagged/sick%20call/chrono,3,,welcome to the poppyverse/holomatter matters,sick call,103.72,147.68,111.33
179,Braided Steel,,A messy braid.,welcome to the poppyverse,pre piloting,,PILOT; LIEUTENANT B,,1,,welcome to the poppyverse/pre piloting,braided steel,105.94,-18.29,228.26
182,More Than Meets the Eye,Teddy Bear / Red Poppies / The Mech And The Lady / Young and Old / Skateboarding / The Daughter,"The units' holomatter avatars go small -- a boy who picks flowers, a girl who'd rather not flatten a city, a skateboarder doodling chalk galaxies on his own dormant mech body -- and UNIT's avatar turns out to carry DONOR's gestures like an inherited legacy.",welcome to the poppyverse,holomatter matters,,TITAN; UNIT; PILOT; SPARROW; GAMMA; DONOR,https://inpoppyfields.tumblr.com/post/760135569815764992/more-than-meets-the-eye,6,,welcome to the poppyverse/holomatter matters,more than meets the eye,17.78,29.46,212.95
186,Wardrobe Malfunction,,"A wardrobe malfunction, handled gracefully.",welcome to the poppyverse,steel and skin,,PILOT; UNIT,,1,,welcome to the poppyverse/steel and skin,nude,5.83,-214.1,58.27
190,Poorly Placed Wounds,,A series of near-misses.,welcome to the poppyverse,absolute absurdity,,,,1,,welcome to the poppyverse/absolute absurdity,poorly placed wounds,726.47,-138.36,-195.82
204,Touching Grass,,"UNIT lies flat on its back in the grass like an upended beetle, insists it's “restful.""",welcome to the poppyverse,automated absurdity,,PILOT; UNIT,,1,,welcome to the poppyverse/automated absurdity,touching grass,118.99,-73.81,177.77
209,Shower,,"UNIT picks out PILOT's shampoo with the focus of a bomb disposal unit. It is, somehow, one of the tenderest things in the archive.",welcome to the poppyverse,steel and skin,,PILOT; UNIT,,1,,welcome to the poppyverse/steel and skin,shower,6.76,-240.69,231.49
213,Space Incident Reports,P1 / P2 / P3 / P4,A running log of deadpan letters and incident reports.,welcome to the poppyverse,space shit happens,,Cadet LL; Sergeant K; Lieutenant NN; Ensign RR; Lieutenant WW; Cadet DD; Ensign FF; Ensign LL; Lieutenant MM; DARK; GRIM; WRY; IRONY; SARCASM,,4,,welcome to the poppyverse/internal comms/space shit happens,space shit happens,36.01,-119.7,141.53
219,Gravity Malfunction,,AUTOPILOT bounces across the training field like an eight-ton ballerina and blames it entirely on a new regimen. DONOR needs a minute.,lilyverse,automated absurdity,,DONOR; AUTOPILOT,,1,,welcome to the poppyverse/automated absurdity,gravity malfunction,98.97,-51.76,-128.95
229,Beginnings,1 - Before and After the Operation / 2 - The Night Before the Operation / 3 - The Dreams Before the Operation / 4 - The Operation / 5 - The Epiphany / 6 - Like Mother Like Child / 7.1 - Ghosts / 7.2 - Glitches / 8.1 - Irony / 9 - Thin Air Red Skies,"UNIT's origin arc in full: the operation that built it from DONOR's DNA, the dreams and glitches that came after, the irony of gentleness building the deadliest machine on base, and the quiet, empty apartment left behind by everyone who didn't make it to see it finished.",welcome to the poppyverse,,,UNIT; PILOT; DONOR,https://inpoppyfields.tumblr.com/tagged/beginnings/chrono,10,,deeper into the poppyverse/commander UNIT,beginnings,43.39,0.0,0.0
231,Gone in a Flash,Flare / The Student / Vapor / Mixed Victory,"A fireworks mishap, a missing parking spot, and a relay race PILOT and Lieutenant B keep losing, badly, in increasingly literal ways.",welcome to the poppyverse,pre piloting,,PILOT; LIEUTENANT B; Corporal A,,4,,welcome to the poppyverse/pre piloting,gone in a flash,104.02,-162.47,0.09
239,If It Sits,POV PILOT / POV UNIT,PILOT live-blogs UNIT's catastrophic first attempts at sitting down like a nature documentary.,welcome to the poppyverse,automated absurdity,,UNIT; PILOT; THUNDER; GAMMA; TITAN,,2,,welcome to the poppyverse/automated absurdity,if it sits,33.01,256.27,124.35
241,Doubts,1 / 2,PILOT does the job anyway.,welcome to the poppyverse,pre piloting,,PILOT; UNIT; SOLDIER A; SOLDIER B,,2,,welcome to the poppyverse/pre piloting,doubts,30.8,275.65,5.48
255,Gentle Giant,Scared / No More / Just Gentle / Aries / Dirt Drawings / Dirt Drawings of Doom / The Lamb 1 / The Lamb 2 / Soft for Work / Not Soft for Work / Comic Sans,"A mech built to terrify everyone else gets rattled by thunder and the vet's office, meets an actual lamb, doodles stick figures in the dirt (immediately followed by a very large cannon), discovers texting and Comic Sans, and spends multiple vignettes litigating exactly how 'workplace-safe' its softness really is.",welcome to the poppyverse,gentle giant,,"UNIT; PILOT; MECHANICS, MEDICS, TRAINERS, TECHNICIANS; SOLDIER A; SOLDIER B",https://inpoppyfields.tumblr.com/tagged/gentle%20giant/chrono,11,,welcome to the poppyverse/gentle giant,gentle giant,29.75,-122.73,-5.03
261,Chest Armor,,"UNIT interrogates PILOT about the tactical inconvenience of certain anatomy with the same clinical curiosity it brings to everything else, and gets an answer involving sports bras and spite.",welcome to the poppyverse,steel and skin,,UNIT; PILOT,,1,,welcome to the poppyverse/steel and skin,breasts,64.02,-244.21,-235.7
263,Femoral Fun,,"A femoral artery hit turns into the single most mortifying medical evac of her career, dignity included.",welcome to the poppyverse,absolute absurdity,,PROTAGONIST; MEDIC; DOCTOR,,1,,welcome to the poppyverse/absolute absurdity,femoral fun,244.95,279.46,-109.96
273,Holomatters Hilarity,3 / 1 / 2,"UNIT and GAMMA borrow human bodies for an afternoon and turn base security into unwitting nature documentary footage, discovering that knees only bend one way and heels are, frankly, a menace.",welcome to the poppyverse,holomatter matters,,UNIT; GAMMA; PILOT; DONOR,,3,,welcome to the poppyverse/holomatter matters,holomatters hilarity,28.69,176.55,-245.95
284,New Legs,Bipedal / Pants Shopping / Quadrupedal,"GAMMA and UNIT get upgraded legs -- bipedal, quadrupedal, swappable like pants -- and PILOT will not stop interrogating the anatomy, logistics, and dignity implications of all of it.",welcome to the poppyverse,automated absurdity,,PILOT; UNIT; GAMMA; TECHNICIAN A,,3,,welcome to the poppyverse/automated absurdity,new legs,17.55,-0.31,131.07
288,The Photo,,"A hazy, half-shadowed photograph of DONOR holding poppies at dusk, radiating the quiet ache of someone who was deeply loved and is already slipping into memory.",welcome to the poppyverse,dear donor,,DONOR,,1,,welcome to the poppyverse/dear DONOR,the photo,101.7,-166.02,184.71
293,Yellow Submarine,,A submarine crew nearly mutinies over someone humming Yellow Submarine.,welcome to the poppyverse,absolute absurdity,,MIRA; CAPTAIN,,1,,welcome to the poppyverse/absolute absurdity,yellow submarine,183.0,-40.28,154.37
303,The Turtle And The Hare,,The fastest unit on the ground loses a footrace to a five-story tank. Physics files a complaint.,welcome to the poppyverse,automated absurdity,,PILOT; GAMMA; TITAN; Lt. J,https://inpoppyfields.tumblr.com/post/764471122494390272/defying-physics-blazing-fast,1,,welcome to the poppyverse/automated absurdity,the turtle and the hare,111.94,-191.03,-13.62
305,Systems of Mass Protection,,"A small army of titanic, terrifying machines walks through a broken world and doesn't break anything else. Restraint, it turns out, is also a form of protection.",welcome to the poppyverse,field logs,,UNIT; ERIEYE; TLAZOLTEOTL; PRISMA; FATA MORGANA,,1,,welcome to the poppyverse/machine learnings/battlefield logs,WEAPONS OF MASS PROTECTION,167.07,-85.88,-229.01
324,How They Sleep,,"Two quiet vignettes of watching a squad sleep -- first PILOT keeping vigil over her unit, then LIEUTENANT keeping vigil over her. Everyone's armor comes off exactly the same way: unconsciously.",welcome to the poppyverse,pre piloting,,PILOT; LIEUTENANT; PRIVATE A; PRIVATE B; PRIVATE C; PRIVATE D,,1,,welcome to the poppyverse/pre piloting,how they sleep,126.41,27.53,-254.14
325,No Place Like Home,V1 - One More Box / V1 - Yearbook Faces / V2,"A moving day with extra boxes and an old yearbook where everyone's unrecognizably changed, followed by PILOT arguing herself out of despair via an imagined conversation with her old mentor -- either healthy emotional processing or a very elaborate way of talking to a window.",welcome to the poppyverse,pre piloting,,PILOT; LIEUTENANT; PRIVATE A; SERGEANT C; LIEUTENANT B,,3,,welcome to the poppyverse/pre piloting,no place like home,104.9,9.22,211.61
334,File Addendum,,"Some paperwork, TMI edition.",welcome to the poppyverse,absolute absurdity,,PILOT,,1,,welcome to the poppyverse/absolute absurdity,file addendum,282.07,141.29,164.25
341,Roses,0 / 1,DONOR traces PILOT's scars by moonlight and reaches for her sketchbook instead of looking away -- vulnerability rendered as still life.,welcome to the poppyverse,steel and skin,,PILOT; DONOR; UNIT,,2,,welcome to the poppyverse/steel and skin,roses,85.01,61.04,49.79
345,PRISMA,,"A refurbished laptop, previous owner unknown.",welcome to the poppyverse,unit spotlights,,PRISMA,https://inpoppyfields.tumblr.com/search/PRISMA%20-%20Epitaph,1,,welcome to the poppyverse/unit spotlights,PRISMA,397.04,-131.9,228.25
353,Menstruation,,UNIT panics over normal bodily upkeep in the sink.,welcome to the poppyverse,steel and skin,,PILOT; UNIT,,1,,welcome to the poppyverse/steel and skin,menstruation,5.85,-217.4,217.24
360,Coded Communications,,"A clinical, borderline horny catalogue of how mechs flirt: electromagnetic pulses, silent console messages, vibration and touch, intimacy translated into technical readouts.",welcome to the poppyverse,machine learnings,,UNIT,,1,,welcome to the poppyverse/machine learnings,coded communications,12.84,153.06,144.76
361,Eating,2 / 1,Tracked meal by meal.,welcome to the poppyverse,steel and skin,,PILOT; UNIT,,2,,welcome to the poppyverse/steel and skin,eating,13.89,55.37,-192.17
362,Awkward,1 / 2,"A lowlight reel of PILOT's most humiliating rookie moments -- ramp faceplants, a jammed flight suit, failed helmet sizing -- all insisted, the entire time, to be tactical.",welcome to the poppyverse,everyone starts somewhere,,PILOT; SOREN; Lt. J; Cadet C; Ensign K,,2,,welcome to the poppyverse/pre piloting/everyone starts somewhere -- awkward and terrible,awkward,110.95,-250.92,249.69
363,Sartorial Sightings,,"PILOT and UNIT pass downtime cataloguing which hangar mechs look like they're wearing stilettos, corsets, or 80s shoulder pads, until UNIT turns it around and compares PILOT's hair to fiber optic cable.",welcome to the poppyverse,automated absurdity,,PILOT; UNIT,,1,,welcome to the poppyverse/automated absurdity,sartorial sightings,42.87,-29.19,225.98
368,Tagging Ghosts,,"An old group chat, still active.",welcome to the poppyverse,internal comms,,PILOT; UNIT; DONOR; TITAN,,1,,welcome to the poppyverse/internal comms,tagging ghosts,73.92,-242.55,237.05
371,Ghost in the Machine,Sun and Moon / Her Embrace / Her Face in Every Sky,"UNIT holds a sleeping, worn-out PILOT through the night while DONOR, present as a background process inside it, finally gets to be the one doing the holding instead of the one who used to need it.",welcome to the poppyverse,dear donor,,PILOT; UNIT; DONOR,https://inpoppyfields.tumblr.com/tagged/ghost%20in%20the%20machine/chrono,3,,welcome to the poppyverse/dear DONOR,her embrace,396.97,75.17,-71.94
373,The Dreams,,"DONOR dreams of becoming a mechanical eye; PILOT dreams of DONOR vanishing, then wakes to find her still there, still breathing.",welcome to the poppyverse,beginnings,,DONOR; PILOT,,1,,welcome to the poppyverse/BEGINNINGS,3,97.0,-56.5,-203.31
386,Her Embrace for the Last Time,,A goodbye hug at the airport.,welcome to the poppyverse,beginnings,,PILOT; DONOR,,1,,welcome to the poppyverse/BEGINNINGS,5v2-1 - her embrace for the last time,396.96,-249.69,-21.62
394,Sound Check,,UNIT scares an entire squad of recruits out of their boots.,welcome to the poppyverse,automated absurdity,,UNIT; PILOT,,1,,welcome to the poppyverse/automated absurdity,sound check,326.95,97.47,-38.85
400,Groceries at Walmart,,A sentient rescue-mech-turned-Mazda narrates a Walmart run while PILOT quietly misses the clarity of a job she no longer has. Somehow the AAA batteries are for 'experiments.',welcome to the poppyverse,post piloting,,PILOT; UNIT,,1,,welcome to the poppyverse/post piloting,1,81.56,34.29,-247.59
401,Shower Talk,,Post-mission locker room banter.,welcome to the poppyverse,pre piloting,,PILOT; LIEUTENANT,,1,,welcome to the poppyverse/pre piloting,shower talk,125.98,-119.42,240.51
418,Mechanical Mortality,Crypt / Ceremony / Rebirth / Reconfiguration in Two Ways / Casualties / Legacy Hardware / Warpaint / Administering Vital Aid / Gamma Reborn,"UNIT and GAMMA each confront what death looks like for a mech -- touring a mausoleum of decommissioned units, watching a fallen comrade ceremonially smelted down, scavenging a battlefield for survivors, patching catastrophic damage, repainting over the scars, and coming back online in a new chassis afterward, never quite sure if that still counts as being who they were.",welcome to the poppyverse,mechanical mortality,,UNIT; GAMMA; PILOT; UNIT F; UNIT G; UNIT K; ECHO-07; VALOR; DONOR; NOVA,https://inpoppyfields.tumblr.com/tagged/mechanical%20mortality/chrono,9,,welcome to the poppyverse/machine learnings/mechanical mortality,mechanical mortality,5.99,28.45,-92.75
422,The First Night Together,,"PILOT and DONOR's first night bare of armor and secrets, all old scars and hand-poked tattoos and careful, reverent hands.",welcome to the poppyverse,dear donor,,PILOT; DONOR,,1,,welcome to the poppyverse/dear DONOR,the first night together,51.94,14.83,209.64
429,Stomach Rolls,,"PILOT explains human body insecurity to a quadrupedal mech with no stomach to roll, over sunset and hydraulic joints.",welcome to the poppyverse,steel and skin,,PILOT; UNIT,,1,,welcome to the poppyverse/steel and skin,stomach rolls,28.81,-160.71,-180.32
432,Into Ash,,"The light won't let her see her clearly, even now.",welcome to the poppyverse,beginnings,,PILOT; DONOR,,1,,welcome to the poppyverse/BEGINNINGS,5v3 - into ash,97.0,52.48,-2.6
438,The Hangover,,"UNIT nurses a mechanical hangover after overcharging on energon, and gets zero sympathy from anyone in the room.",welcome to the poppyverse,automated absurdity,,UNIT; UNIT B; UNIT C; PILOT,,1,,welcome to the poppyverse/automated absurdity,the hangover,64.04,-158.45,-217.05
458,Yes What It Looks Like,v0 / UNIT v1 / UNIT v2,"Ten mechs, five data-exchange rituals, and a scar inventory system with more tenderness in it than the manual admits to.",welcome to the poppyverse,automated absurdity,,UNIT A; UNIT B; UNIT C; UNIT D; UNIT E; UNIT F; UNIT G; UNIT H; UNIT I; UNIT J,,3,,welcome to the poppyverse/automated absurdity,yes what it looks like,13.77,9.09,5.9
464,Quiet and …,Sarcastic / Strange / Cool,"Cadet-era PILOT is reliably sarcastic, faintly alien in her deadpan non-sequiturs, and unbothered while everyone around her makes more noise about being just as good.",welcome to the poppyverse,everyone starts somewhere,,PILOT; LEWIS; REYES,,3,,welcome to the poppyverse/pre piloting/everyone starts somewhere -- awkward and terrible,quiet and,101.97,-47.92,-44.37
466,Not What It Looks Like,P1 / P2 / P3 / P4 / Birds and Bees / Epilogue,PILOT catches UNIT and GAMMA mid-conversation.,welcome to the poppyverse,automated absurdity,,PILOT; UNIT; GAMMA; UNIT N; UNIT M; UNIT V; UNIT X; UNIT Y; UNIT Z; UNIT Q; UNIT R; UNIT S; UNIT T; UNIT W,,6,,welcome to the poppyverse/automated absurdity,not what it looks like,12.82,6.5,-48.51
467,Another Night Together,,PILOT and DONOR trade tenderness and pillow talk about what strength looks like once the hard part's behind you -- it just costs a different currency on Earth.,welcome to the poppyverse,dear donor,,PILOT; DONOR,,1,,welcome to the poppyverse/dear DONOR,another night together,51.95,79.2,34.21
469,A Titanic Problem,,"Getting a five-story tank-mech into orbit turns out to require several increasingly undignified engineering solutions, most of which end in an explosion TITAN takes personally.",welcome to the poppyverse,automated absurdity,,PILOT; TITAN; GAMMA; UNIT,https://inpoppyfields.tumblr.com/post/764470921888186368/defying-physics-a-titanic-problem,1,,welcome to the poppyverse/automated absurdity,a titanic problem,111.94,172.55,99.98
487,Units United,Highly Computed Command / Last Seen at Sea / Palace of the Piloted / Robots in Disguise,"Mecha commanders swap parenting gripes, units trade gossip about their pilots' cockpit habits, and vehicle-form units compare notes on failing to blend in with humans.",welcome to the poppyverse,internal comms,,COMMANDER_ZETA; PHOENIXRISING; GENERAL_AEGIS; COLOSSALCOMMANDER; VALKYRIE_FLIGHT; MAJOR_ATLAS; ARGUS_EYE; BRIMSTONE; MIRA; UNIT; SPARROW; THUNDER; GAMMA; TITAN; HALCYON; NOVA,,4,,welcome to the poppyverse/internal comms,units united,35.77,-143.99,-22.8
492,Echoes,,"UNIT keeps echoing DONOR's old habits back at PILOT - a head tilt, a hummed song, a doodle with wings - until a message with no traceable sender says it's still watching.",welcome to the poppyverse,beginnings,,PILOT; UNIT; DONOR,,1,,welcome to the poppyverse/BEGINNINGS,6,396.92,221.54,83.49
502,When Sheep Fly,,"UNIT, built like a tetrapod tank, transforms into a jet through what amounts to sheer spite for physics, and everyone on base just has to live with it.",welcome to the poppyverse,automated absurdity,,PILOT; UNIT; GAMMA,https://inpoppyfields.tumblr.com/post/764434769923784704/defying-physics-when-sheep-fly,1,,welcome to the poppyverse/automated absurdity,when sheep fly,111.94,-68.9,-103.2
504,VIGIL,,"UNIT drags a barely-functioning soul fragment off a scrapyard of retired units, refuses to let it apologize for existing, and watches it choose the name Vigil.",welcome to the poppyverse,unit spotlights,,UNIT; VIGIL,https://inpoppyfields.tumblr.com/post/761642385125113856/spotlight-vigil,1,,welcome to the poppyverse/unit spotlights,VIGIL (DAM),397.05,-206.78,-177.96
516,Organic Tissue,,A routine checkup.,welcome to the poppyverse,steel and skin,,PILOT; UNIT,,1,,welcome to the poppyverse/steel and skin,tissue,7.94,-171.36,-34.28
519,Her Face,,"Mid-catastrophe, UNIT keeps a badly injured PILOT alive.",welcome to the poppyverse,dear donor,,PILOT; UNIT; DONOR,,1,,welcome to the poppyverse/dear DONOR,her face,61.95,-58.34,-45.7
523,The Bird Brain,,"UNIT performs an unrequested mid-briefing split, startles a commander badly, and blames it entirely on a show-off recon bird named GAMMA. Accurate blame, probably.",welcome to the poppyverse,automated absurdity,,PILOT; UNIT; GAMMA; BRIGGS,,1,,welcome to the poppyverse/automated absurdity,the double splits - 2,125.98,46.82,127.13
529,Aries,,"PILOT compares UNIT's ram horns to a constellation, and UNIT, sweet and literal as ever, is delighted by the astronomy lesson.",welcome to the poppyverse,gentle giant,,PILOT; UNIT,https://inpoppyfields.tumblr.com/post/760039038896013312/gentle-giant-aries,1,,welcome to the poppyverse/gentle giant,aries,29.74,7.05,130.6
535,The Toasted CPU,,GAMMA crashes hard enough to wake up convinced it's a toaster.,welcome to the poppyverse,automated absurdity,,PILOT; THUNDER; GAMMA,https://inpoppyfields.tumblr.com/post/764811082799939584/the-toasted-cpu,1,,welcome to the poppyverse/automated absurdity,the toasted cpu,114.98,225.39,61.32
537,The First Nightmares Together,,"A shared bad dream, oddly in sync.",welcome to the poppyverse,dear donor,,PILOT; DONOR,,1,,welcome to the poppyverse/dear DONOR,the first nightmares together,22.7,-140.91,81.32
539,Leg Lock Legend,,PILOT dismantles a series of overconfident sparring partners with nothing but leg locks and a growing whiteboard legend about the dangers of underestimating her thighs.,welcome to the poppyverse,absolute absurdity,,PILOT; REED; MORALES; KOWALSKI; SANTOS; LIANG; DAVIES,,1,,welcome to the poppyverse/absolute absurdity,pussy power,333.55,99.58,-20.47
540,Gone Shopping,,"UNIT discovers Armored Core VI, clocks a character who looks suspiciously like GAMMA, and starts hunting for THUNDER's cartoon doppelganger. PILOT is delighted and slightly worried about the budget.",welcome to the poppyverse,automated absurdity,,PILOT; UNIT,,1,,welcome to the poppyverse/automated absurdity,gone shopping,19.0,-253.72,243.3
549,Drunk,,"UNIT gets absolutely blitzed and turns into a skyscraper-sized, alarmingly affectionate golden retriever, and no amount of base personnel screaming 'get a grip' can stop the hug offensive.",welcome to the poppyverse,automated absurdity,,PILOT; UNIT; MORALES,,1,,welcome to the poppyverse/automated absurdity,drunk,118.0,48.14,159.76
552,Gas Expulsion,,A parade of mechs venting booster vapor gets rebranded.,welcome to the poppyverse,automated absurdity,,PILOT; UNIT; TITAN; SPARROW; GAMMA; COMMANDER ZETA; VALKYRIE,,1,,welcome to the poppyverse/automated absurdity,gas expulsion,34.02,2.82,51.56
556,Thank You Notes,P1 / P2 / P3,"A running chain of sarcastic thank-you notes to everyone who nearly derailed the squad this week -- friendly mistakes, a badly thrown prop, a tool arm welded on backwards -- capped by UNIT thanking DONOR for permission to enter 'maximum effort mode.'",welcome to the poppyverse,pilot postings,,PILOT; UNIT; DONOR; RATCHET; COMMANDERCHAOS; MAJORS; GAMMA; STASH; LULU; CHAPLAIN; TITAN; BOOMERANG; SPANNER,,3,,welcome to the poppyverse/pilot postings,thank you notes,137.76,-252.57,-33.71
558,Snapchat - The Redeye Flight,,"PILOT survives an economy-class redeye next to a screaming toddler worse than most of her actual missions, live-texting her slow descent into villain-origin-story delirium.",welcome to the poppyverse,pilot postings,,PILOT,,1,,welcome to the poppyverse/pilot postings,snapchat - the redeye flight,137.03,225.17,-86.27
562,The Double Division,,"UNIT tries to lower itself to a commander's eye level for a 'face to face' talk and miscalculates the distance, turning a ten-ton mech into the world's largest, most uncomfortably close stoplight.",welcome to the poppyverse,automated absurdity,,PILOT; UNIT; BRIGGS,,1,,welcome to the poppyverse/automated absurdity,the double splits - 1,119.0,-66.71,-196.32
566,Blooming,,A quiet evening in.,welcome to the poppyverse,steel and skin,,PILOT; DONOR,,1,,welcome to the poppyverse/steel and skin,blooming,127.02,-232.97,114.72
568,The Ugly,,"DONOR contemplates a rotting backyard fence and concludes that her kind of ugliness -- slow, quiet decay -- is just as real as PILOT's explosive kind, and doesn't cancel out the flowers blooming next to it.",welcome to the poppyverse,dear donor,,DONOR; PILOT,,1,,welcome to the poppyverse/dear DONOR,the ugly,397.03,12.34,-75.2
576,Skin & Steel,,A shower-room debrief.,welcome to the poppyverse,steel and skin,,PILOT; UNIT,https://inpoppyfields.tumblr.com/tagged/skin%20and%20steel/chrono,1,,welcome to the poppyverse/steel and skin,soft,63.97,149.82,14.82
585,RATCHET,,"RATCHET tours a nursery of not-yet-born mecha units, aching with quiet tenderness for lives that haven't started yet.",welcome to the poppyverse,unit spotlights,,RATCHET; TYPHOON; CITADEL; STRYKER,https://inpoppyfields.tumblr.com/post/761012309930000384/spotlight-ratchet-giants-in-waiting,1,,welcome to the poppyverse/unit spotlights,RACTHET,397.05,-1.38,279.05
595,The Final Night,,A quiet bedtime routine.,welcome to the poppyverse,beginnings,,PILOT; DONOR; UNIT,,1,,welcome to the poppyverse/BEGINNINGS,5v2-0 - the final night,95.91,69.33,-76.13
602,Extra Cheese Pizza,,"Retired-pilot PILOT makes midnight protein pizza and grouses about her mundane new life debugging self-driving cars, missing UNIT's sarcasm more than she expected to.",welcome to the poppyverse,post piloting,,PILOT,,1,,welcome to the poppyverse/post piloting,5,81.62,242.86,170.41
610,The Driller,P1 / P2,It knows its job.,welcome to the poppyverse,unit spotlights,,DRILLER,https://inpoppyfields.tumblr.com/tagged/the%20driller/chrono,1,,,,0.0,-210.13,-164.21
611,SENTINEL - Sentience,,SENTINEL crosses the line from guarding to knowing it is guarding.,welcome to the poppyverse,unit spotlights,,SENTINEL; UNIT,https://inpoppyfields.tumblr.com/post/760312233618259968/spotlight-sentinel-nascence,1,,,,0.0,69.08,-216.34
613,PILOT Postings,Messages / InstaHistory_1 / InstaHistory_2 / Calendar_EarthBase / Calendar_SpaceBase / Costco_At_Midnight / Nap_With_Notifications_On,Even glitches in reality need an Instagram filter.,welcome to the poppyverse,pilot postings,,PILOT,https://inpoppyfields.tumblr.com/tagged/pilot%20postings/chrono,7,,,,0.0,-59.26,117.19
614,Mornings,,The sun isn't even fully clocked in.,welcome to the poppyverse,machine learnings,,UNIT; UNITS,https://inpoppyfields.tumblr.com/post/760136746593894400/mornings,1,,,,0.0,-183.39,80.95
618,#internal_comms,#wrecked_recruits / #generic_generals / #lots_of_pilots / #private_matters / #did_ensign_up_for_this / #colonels_on_a_cob / Tagging Ghosts,"Slack, but in zero gravity and with a suspicious amount of oversharing.",welcome to the poppyverse,internal comms,,PILOT; PERSONNEL,https://inpoppyfields.tumblr.com/tagged/internal%20comms/chrono,7,,,,0.0,-250.46,108.15
619,#mechanized_messaging,#tank_tread_carefully / #computationally_commanding / #robots_in_disguise / #holomatter_help_hubub p1 / #holomatter_help_hubub p2,The machines are painfully alive and absolutely gossip-capable.,welcome to the poppyverse,internal comms,,UNIT; UNITS,https://inpoppyfields.tumblr.com/tagged/mechanized%20messaging/chrono,3,,,,0.0,271.63,-49.93
627,Subconscious Selections,,More growing pains,welcome to the poppyverse,holomatter matters,,UNIT; AUTOPILOT,https://inpoppyfields.tumblr.com/post/796915602683985920/subconscious-selections-shorts,1,,,,0.0,-4.22,-66.75
647,SERAPHIM - Angel,,Gone before the halo could cool.,welcome to the poppyverse,unit spotlights,,SERPHIM,https://inpoppyfields.tumblr.com/post/790305076800602112/spotlight-seraphim-angel,1,,,,0.0,164.35,-165.28
657,Robots in Disguise,GAMMA and the Skateboarder / TITAN and the Toy Tank / UNIT and the Red Poppies,"GAMMA skateboards up and down its own dormant mech body doodling chalk galaxies, TITAN's small-boy avatar totes a tiny toy replica of itself like recursion committing a paperwork violation, and UNIT's avatar picks flowers gently enough to make you forget what flowers are usually about here.",welcome to the poppyverse,holomatter matters,,UNIT; UNITS,https://inpoppyfields.tumblr.com/tagged/robots%20in%20disguise/chrono,3,,,,0.0,263.23,95.76
662,Fly Like a Bee,,"""According to all known laws of aviation, there is no way a bee should be able to fly. Its wings are too small to get its fat little body off the ground. The bee, of course, flies anyway because bees don't care what humans think is impossible.”",welcome to the poppyverse,automated absurdity,,UNIT; UNITS,https://inpoppyfields.tumblr.com/post/760134715439185920/fly-like-a-bee,1,,,,0.0,-192.2,-31.92
669,Bye Bye Bluebird,,"Something small and blue leaves the frame, and the moment lands harder than expected.",welcome to the poppyverse,field logs,,UNIT; GAMMA,https://inpoppyfields.tumblr.com/post/760579223796826112/bye-bye-bluebird,1,,,,0.0,-175.92,-214.38
680,The Piloting and the Piloted,P1 / P2,Pilot and machine blur into one control loop with feelings attached.,welcome to the poppyverse,internal comms,,PERSONNEL; UNITS,https://inpoppyfields.tumblr.com/tagged/the%20piloting%20and%20piloted/chrono,2,,,,0.0,154.97,182.1
689,The Deep Sea Arrives on Land,1 - The Little One / 2 - The Day Off / 3 - The Swim,"An ancient deep-sea intelligence attempts a gentle day on land in the body of a tiny plush orca, with mixed results and excellent beverages.",welcome to the poppyverse,unit spotlights,,PILOT; MIRA; civilians who did not consent to ontology,https://inpoppyfields.tumblr.com/tagged/the%20abyss%20arrives%20on%20land/chrono,3,,welcome to the poppyverse/unit spotlights/MIRA - the abyss walks on land,mira - the abyss walks on land,732.85,84.3,222.66
700,POPPYSEED — INTRO to Welcome to the Poppyverse,,"The flip-book primer for the entire multiverse -- read this before anything else. Everything downstream, every branch, every collision, traces back to this.",welcome to the poppyverse,beginnings,,,https://heyzine.com/flip-book/7e550a1d46.html,16,,,,0.0,0.0,0.0
735,[TRAILER] Sunlight,,,,,,,https://www.youtube.com/watch?v=8Rt_fmHHC9E&list=PLcYNCq7mIrmw&index=4,,,,,0.0,106.22,541.15
736,[TRAILER] Something in the Air Tonight,,,,,,,https://www.youtube.com/watch?v=oUvxt9mwSjo&list=PLcYNCq7mIrmw&index=3,,,,,0.0,-31.02,243.92
737,[TRAILER] Seeing Stars,,,,,,,https://www.youtube.com/watch?v=x91wm7NfH2Y&list=PLcYNCq7mIrmw&index=2,,,,,0.0,524.39,99.12
738,[TRAILER] Poppy-cursed,,,,,,,https://www.youtube.com/watch?v=13ux-KJjlZY&list=PLcYNCq7mIrmw&index=1,,,,,0.0,-169.05,-173.76
